,player_name,ts_value,ts_percentile,sq_value,sq_percentile,ftr_value,ftr_percentile,3par_value,3par_percentile,orb_value,orb_percentile,ctov_value,ctov_percentile,load_value,load_percentile,creation_value,creation_percentile,portability_value,portability_percentile,passer_rating_value,passer_rating_percentile,craftedopm_value,craftedopm_percentile,deflections_value,deflections_percentile,radtov_value,radtov_percentile,drb_value,drb_percentile,rim_defense_value,rim_defense_percentile,rim_frequency_value,rim_frequency_percentile,blkpct_value,blkpct_percentile,versatility_value,versatility_percentile,rpf_value,rpf_percentile,crafteddpm_value,crafteddpm_percentile
0,austin-reaves,62.1%,83,68.3,73,28.7%,70,43.8%,53,4.1,39,8.3%,44,38.5,81,6.9,86,7.3,84,7.3,88,1.5,91,1.5,23,-0.14,35,41,41,1.2,35,34.5,24,0.6,15,69,69,-0.76,84,-1.1,14
0,bruno-fernando,57.4%,53,36.6,17,46.7%,96,2.8%,8,4.2,95,15.3%,1,20.9,27,1.3,25,1.3,18,1.6,12,-2.1,8,1.9,43,-0.65,8,89,89,-2.6,61,50.5,99,4.6,93,12,13,2.42,2,0.9,78
0,brandon-ingram,57.9%,57,60.2,55,30.9%,76,23.7%,21,5.1,20,7.9%,51,48.3,93,9.1,93,5.4,61,6.7,83,1.4,90,1.7,34,-0.45,16,58,58,2,29,35.7,33,1.9,63,78,78,-0.33,69,-0.2,43
0,boban-marjanovic,46.7%,7,null,0,27.3%,67,9.1%,12,2.2,90,null%,100,,0,,1,,0,,0,-2.2,6,1.4,18,-0.25,29,100,100,-40.1,100,14.8,0,1.8,59,4,6,0.78,26,0.5,69
0,brook-lopez,59.8%,70,63,61,16.7%,31,53.3%,72,5.4,84,6.5%,75,21.7,32,1.6,34,6.8,83,3.2,34,-0.2,67,1.6,28,-1.44,0,79,79,-8.8,90,39,57,6.9,98,7,9,-0.01,54,2.4,97
0,andre-drummond,56.5%,45,7.7,8,45.1%,94,0.7%,5,8.8,100,12.3%,8,25.2,45,1.7,37,0.1,7,0,0,-0.2,67,3.1,86,0.8,93,85,85,-4.5,73,37.6,47,3.7,87,8,9,1.01,18,0.5,69
0,bruce-brown,55.8%,39,55.7,47,24.1%,58,29.1%,27,4.4,79,7.1%,66,26.8,51,2.7,55,3.4,36,5.4,67,-1,39,2.3,61,0.17,70,18,18,1.9,30,42.7,77,0.9,28,63,64,0.04,52,-1,16
0,bryce-mcgowens,57.5%,54,49.7,31,35.6%,84,45.4%,56,1.8,57,8%,48,20,24,1.3,25,1.9,23,3.4,39,-2.6,2,1.1,7,0.13,67,38,38,-4.3,72,38.5,54,0.8,24,46,47,0.38,36,-0.6,29
0,andrew-nembhard,56%,41,52.6,38,10.2%,12,31.8%,32,2,15,9.4%,27,33.1,72,4.8,75,3.2,34,7.4,90,-1.2,32,2.3,61,0.25,75,6,6,,,37.1,42,0.3,6,42,43,0.15,46,0,51
0,andrew-wiggins,53.6%,25,53.8,41,23.4%,55,31%,31,4.3,30,7.5%,59,28.1,56,2.4,50,1.7,21,2.6,26,-0.3,63,1.7,34,0.16,70,53,53,4,20,37.2,43,1.6,53,85,85,0.05,51,-0.7,25
0,grant-williams,58.1%,59,60.9,57,22.8%,53,59.1%,80,4,29,11.5%,12,21.7,32,1.8,39,4,42,3.2,34,-1.4,26,1.2,10,0.18,71,76,76,2.4,28,35.4,31,1.8,59,71,71,0.96,21,0,51
0,al-horford,63.9%,89,64.4,65,7.4%,6,62.4%,85,6.5,18,5.9%,81,22.1,33,2.3,48,9.4,98,7.1,86,-0.8,46,1.4,18,-0.81,5,95,95,-0.1,43,35.5,32,3.2,84,53,54,-0.77,86,2.1,94
0,bobby-portis,58.1%,59,64.9,66,15.1%,26,28.1%,26,7.1,90,7%,68,28.7,58,2.6,54,5.8,68,2,16,-0.1,69,2.3,61,-0.22,31,79,79,2.4,28,44.8,88,1.2,38,36,37,0.64,29,-1.2,12
0,aaron-nesmith,63.9%,89,68.4,73,22.4%,52,52.6%,71,3.8,23,7.2%,63,22.3,35,1.9,41,5.6,64,2.5,24,0.2,74,2.2,57,0.01,57,78,78,-8.5,88,37.7,47,2,66,66,67,1.59,10,0.3,63
0,buddy-hield,58.1%,59,85.9,97,6.3%,4,67.3%,90,3.2,36,7.2%,63,32,68,4.4,72,8.5,93,5.5,68,0.9,84,2.4,65,0.02,58,10,10,0.3,40,42.9,78,1.7,55,85,85,-0.01,54,-0.7,25
0,ayo-dosunmu,59.2%,66,59.5,53,14.2%,24,42.3%,50,2.8,14,7.5%,59,29.4,61,3.9,68,3.6,38,5.9,75,-0.8,46,1.6,28,0.33,78,58,58,,,37.7,47,1.7,55,49,50,-0.14,60,-0.8,22
0,bojan-bogdanovic,58%,58,79.6,92,23.3%,55,49.7%,66,3,57,10.2%,19,33.2,72,4.1,70,5,54,2.3,20,-0.4,60,1.1,7,-0.79,5,12,12,11.1,5,40.3,67,0.3,6,72,72,-0.38,71,-2.8,0
0,bol-bol,67%,96,49.7,31,9.5%,10,30.2%,29,3.4,47,8.2%,46,21.9,33,1.6,34,3,32,1.3,11,-0.9,43,1.2,10,0.09,64,83,83,-24.3,99,32.7,14,4.8,94,82,82,0.69,28,0.3,63
0,bam-adebayo,57.1%,49,37.7,17,39.8%,90,2.2%,8,10.6,35,9%,33,37.6,79,3.6,65,4.5,49,4.6,57,-0.4,60,2.2,57,-0.31,25,97,97,-4.9,76,35.2,29,2.7,78,14,16,-0.35,70,2.8,99
0,luka-garza,57.8%,56,55,44,36.4%,86,45.5%,57,1.1,97,null%,100,,0,,1,,0,,0,0.2,74,0.5,0,0.8,93,26,26,4.7,18,47.4,94,,,,,5.45,0,-2.1,3
0,bones-hyland,47.9%,9,73.9,84,9.7%,10,54.6%,73,1.1,18,10.5%,16,41,85,6,82,4.3,46,5.6,69,-1.1,35,1.8,40,-0.42,18,16,16,,,37.5,46,0.6,15,50,51,0.6,30,-1.1,14
0,cade-cunningham,54.7%,31,68.3,73,23.3%,55,29.7%,28,4.3,61,8.7%,38,56.2,98,11.6,98,6,72,7.5,91,0.4,78,1.6,28,-0.04,43,38,38,3.1,24,41.3,71,0.9,28,87,87,-0.11,59,-1.5,8
0,r.j.-hampton,33.6%,0,null,0,14.3%,24,57.1%,78,0.8,10,null%,100,,0,,1,,0,,0,-0.7,50,1.4,18,-0.11,37,7,7,,,37.9,49,,,,,0.97,20,0,51
0,alec-burks,54.5%,30,72.3,82,29.5%,72,58.5%,79,2.3,42,5.2%,89,34.6,74,3.8,67,5.2,58,3.3,36,-0.2,67,1.2,10,0.14,68,72,72,-5.6,79,42.3,75,0.9,28,66,67,-0.49,76,-2.1,3
0,bogdan-bogdanovic,56.1%,42,81.1,95,13.6%,22,59.7%,80,3.4,15,6.2%,78,35.5,76,4.6,74,7.6,88,4.3,52,1.7,92,2.8,80,-0.44,17,51,51,-0.7,48,34.7,26,0.9,28,58,59,-0.03,55,0,51
0,ryan-rollins,63.1%,87,null,0,68%,99,12%,13,1.1,31,null%,100,,0,,1,,0,,0,-1.6,21,7.6,100,-0.11,37,49,49,,,45.8,90,3.7,87,46,47,1,19,1.4,87
0,ben-simmons,57.1%,49,null,0,20.3%,44,null%,0,7.9,43,11%,14,33.6,72,2.6,54,6.1,74,10,100,-0.9,43,3,83,0.94,95,43,43,13.1,5,33.6,18,2.3,73,86,86,0.79,25,1.9,93
0,bradley-beal,59.2%,66,70.9,78,20.6%,45,30.3%,30,4.1,74,8.8%,36,40.8,84,7.1,88,5.7,66,5.7,71,0.6,81,2.1,53,-0.33,24,25,25,,,29.3,3,0.8,24,84,84,-0.07,56,-0.8,22
0,brandon-boston-jr.,47.8%,9,58.5,52,22.5%,52,31.3%,31,1,43,6.9%,70,30.4,63,1.9,41,1,15,1.3,11,-1.6,21,1.9,43,0.42,83,9,9,9,7,39,57,2.7,78,79,79,1.71,8,-1.3,11
0,aleksej-pokusevski,42.7%,3,48,28,14%,23,48.8%,65,1.7,62,9.3%,29,25.9,49,1.8,39,1.6,20,5.7,71,-1.9,13,2.3,61,-0.67,7,81,81,20.5,1,37.7,47,3.9,89,32,33,-0.28,67,-0.3,39
0,bennedict-mathurin,56.2%,43,65.3,67,33.8%,81,32.3%,34,4,62,9.3%,29,32.3,69,3.7,66,2.8,31,2.6,26,-1,39,1.2,10,0.6,88,14,14,5.4,15,46.6,93,0.7,19,70,70,-0.08,57,-2.3,2
0,anfernee-simons,56.9%,48,83.4,97,21.7%,49,48.3%,64,3.7,26,8%,48,49.8,95,9.6,95,6.1,74,5.5,68,1.4,90,1,5,-0.25,29,10,10,,,40,66,0.2,4,59,60,-0.56,78,-2.7,1
0,aaron-wiggins,67.1%,96,62.1,59,17.9%,37,36.6%,40,2.3,37,9.6%,25,22,33,2.3,48,5,54,2.9,31,-0.4,60,3.2,89,-0.3,26,59,59,-9.4,91,41,70,1.4,45,98,98,-0.09,58,-0.1,47
0,alex-caruso,60.4%,75,59.4,53,19.1%,41,60.8%,82,3.8,72,8.9%,35,26.9,52,3.4,63,6.3,76,5.7,71,-0.8,46,4.7,98,2.55,100,71,71,-7,85,32.6,14,3.9,89,77,77,0.5,33,3.4,100
0,anthony-davis,61.7%,81,52.7,38,40.1%,90,7.1%,11,12.3,76,6.8%,71,38.4,81,4.5,73,6.4,78,4.4,53,1.7,92,2.7,77,0.09,64,98,98,-6.9,84,39.7,62,5.8,97,9,10,-0.46,74,2.6,98
0,alex-len,59.4%,67,35.7,15,35.9%,85,4.7%,9,2.7,53,14.9%,2,21.5,31,1.4,28,1.7,21,4.7,59,-1.3,29,2.1,53,-0.52,11,94,94,-9.5,92,44.6,86,6.2,98,4,6,2.4,2,2.5,97
0,caleb-houstan,57.8%,56,64.6,65,13.4%,21,93.3%,100,1.5,76,5.9%,81,16.8,11,0.5,10,3.4,36,2.4,22,-1.3,29,1.4,18,0.39,81,22,22,-0.2,45,33,15,0.4,8,39,40,,,-1.1,14
0,aaron-holiday,57.4%,53,75,87,13.9%,23,52.7%,71,1.6,17,7.4%,61,28.2,57,3.5,64,4.9,53,5,63,-1.2,32,2.2,57,0.72,91,21,21,,,33.8,19,0.4,8,36,37,0.64,29,0.7,73
0,blake-wesley,54.9%,33,16,9,36.4%,86,22.7%,20,1.3,26,8%,48,32.3,69,3.1,60,0.9,14,8.9,96,-1.9,13,2.4,65,-0.25,29,16,16,,,29.8,4,0.9,28,20,21,1.2,15,0.1,55
0,aaron-gordon,60.8%,78,41.1,20,36.2%,86,19.2%,18,6.4,79,7.5%,59,29.4,61,3.4,63,4.1,43,5.7,71,1.2,88,1.6,28,-0.5,12,81,81,-6,80,35,28,1.7,55,53,54,-0.58,79,1.4,87
0,anthony-edwards,58.1%,59,69.3,76,32.1%,78,33.8%,36,5.4,50,8.6%,40,51.4,95,9.7,95,5.4,61,4.9,62,2.7,95,2,48,0.53,86,33,33,,,33.5,17,1.5,49,67,67,-0.9,91,0.7,73
0,aj-griffin,40.3%,2,51.6,35,4.4%,2,73.3%,95,0.8,53,11.4%,12,19.3,19,0.3,8,0.2,8,0,0,-0.9,43,1.1,7,-0.2,32,59,59,18.6,2,48.1,96,0.7,19,85,85,-1.18,95,-1.5,8
0,alperen-sengun,58.5%,62,40.5,19,35.8%,85,11.3%,13,9.3,90,8.5%,41,44.7,90,6.9,86,4.9,53,6,76,0.8,83,2.6,74,0.26,76,65,65,-4.8,75,44.6,86,2.1,69,6,8,0.9,23,0.4,66
0,amir-coffey,64.3%,90,77.8,90,21.7%,49,51.3%,69,1.9,18,6.9%,70,17.4,13,1,16,7.6,88,3.5,40,-1,39,1.6,28,-0.66,7,28,28,2.9,25,32.6,14,0.7,19,56,57,-0.24,66,-1.8,5
0,caleb-martin,55.5%,37,56.5,48,18%,38,39.7%,45,4.7,63,8.9%,35,25.7,48,2.5,52,3.7,39,3.8,45,-0.6,54,1.7,34,1.12,97,25,25,-4.8,75,31.8,9,1.5,49,60,60,-0.07,56,0.7,73
0,cam-reddish,52.1%,18,63.6,62,22.1%,51,47%,60,2.3,53,9.6%,25,17.7,14,0.7,12,3.2,34,2.7,27,-2,10,3.3,91,-0.33,24,51,51,5.5,14,33.1,16,1.2,38,60,60,-0.42,72,1.1,82
0,cam-thomas,54.9%,33,63.9,63,26.3%,63,32.2%,33,3.1,60,6.6%,74,44.1,88,6.1,82,3.2,34,3.5,40,0.3,76,1.2,10,-0.37,20,19,19,1.9,30,39.9,64,0.7,19,72,72,-0.28,67,-2.3,2
0,cameron-johnson,58.7%,63,77.7,90,17.6%,35,56.6%,77,4.4,63,5.8%,83,31.3,66,3.9,68,7.5,87,4.6,57,1.1,86,2,48,-0.02,45,82,82,-7,85,38.9,56,0.8,24,62,63,-0.44,73,0.1,55
0,cameron-payne,57.2%,50,71.2,79,17.3%,34,54.9%,74,1.4,26,6.7%,72,35.7,76,5.5,79,6.7,82,6.7,83,-0.5,57,2.8,80,0.63,89,33,33,,,37.1,42,0.6,15,22,23,0.66,29,-0.7,25
0,caris-levert,51.6%,16,54.6,42,23.6%,57,41.2%,48,4,36,6.1%,79,44.2,89,6.9,86,5,54,7.7,92,0.3,76,2.6,74,-0.42,18,14,14,-8.1,88,35.4,31,1.5,49,70,70,-0.62,81,-0.1,47
0,cedi-osman,59.5%,67,57.1,49,14.7%,25,57.1%,78,2.5,23,7.1%,66,25.5,47,2.8,57,5.7,66,5.6,69,-1.2,32,1.9,43,0.66,91,16,16,-1.1,50,36,36,0.7,19,73,73,0.19,43,-1.8,5
0,chet-holmgren,64%,89,66.7,70,26.7%,65,36.5%,39,7.9,57,7.9%,51,31.7,67,4.4,72,8.4,92,4.4,53,1,85,1.4,18,,50,59,59,-10.8,95,51.7,100,7.5,100,6,8,0.05,51,1.8,92
0,chimezie-metu,62.1%,83,59.9,54,33.1%,80,39.2%,43,3,24,13.8%,4,21.1,28,1.6,34,3.6,38,0.8,9,-1,39,2.7,77,0.09,64,64,64,6.6,12,43.9,84,1.8,59,64,64,0.33,38,0.2,59
0,chris-boucher,62.5%,85,60.3,56,42.4%,92,43.3%,52,4.1,83,8.8%,36,21.5,31,1.4,28,6,72,1,9,0.4,78,1.7,34,0.64,90,37,37,1.6,32,41.9,74,3,82,91,91,0.66,29,0.4,66
0,chris-duarte,53.1%,22,68.2,72,17.2%,34,58.6%,79,1.9,68,7.8%,53,20.6,26,1.3,25,5.7,66,3.4,39,-1.5,24,1.7,34,-0.07,40,29,29,-3.7,68,39.5,60,0.7,19,53,54,1.4,11,0.2,59
0,chris-paul,55.1%,34,74.2,85,14%,23,45.9%,58,3.9,11,5%,90,42.1,86,7.2,88,8.5,93,10,100,0.3,76,2.6,74,0.41,82,59,59,,,38.7,55,0.2,4,88,88,-0.38,71,1,80
0,christian-wood,56.8%,46,50.6,33,35.6%,84,43.2%,52,5.1,19,11.9%,10,22.6,36,1.7,37,2.4,27,2,16,-1.3,29,0.7,2,-0.36,21,78,78,-7,85,33.1,16,3.3,85,51,52,0.16,45,0.7,73
0,cj-mccollum,58.6%,62,78,91,14.2%,24,53.9%,73,4.3,54,5.8%,83,41.5,86,7.1,88,6.4,78,6,76,1.4,90,1.8,40,-0.71,6,36,36,,,34.5,24,2.2,71,26,27,-0.56,78,-0.5,32
0,clint-capela,58.4%,61,15.4,8,31.9%,77,null%,0,10.6,100,7.8%,53,22.9,37,1.4,28,0.7,12,1.9,15,-0.1,69,1.6,28,-0.43,17,94,94,-4.9,76,46.9,93,5.1,95,4,6,0.57,31,0.6,70
0,coby-white,58%,58,75.3,87,22.1%,51,47.5%,62,4.7,19,7.5%,59,40.1,83,6.8,85,5,54,5.7,71,1.3,89,1.1,7,-0.47,14,75,75,,,35.1,28,0.7,19,47,48,-0.5,76,-1.4,10
0,cody-martin,46%,5,39.4,18,15.3%,27,40%,45,3.9,40,10%,21,29,59,3,59,2.9,31,6.8,84,-1.9,13,2.4,65,0.61,88,69,69,2.8,26,32.5,13,2.2,71,79,79,-0.52,77,0.9,78
0,cole-anthony,53.9%,27,65.2,67,32.5%,79,34.7%,38,3.9,63,8.9%,35,38.3,80,5.4,79,1.8,22,4.8,61,-0.7,50,2.5,70,-0.42,18,43,43,,,35.7,33,1.8,59,25,26,0.96,21,-0.3,39
0,collin-sexton,61.4%,80,80.5,93,36.6%,87,32.6%,34,2.6,60,7.4%,61,51.5,96,11.3,97,5.8,68,6.3,78,2.9,95,2.2,57,-0.33,24,10,10,,,32.7,14,0.7,19,46,47,-0.07,56,-2,4
0,corey-kispert,61.5%,81,71.4,79,20%,44,61.5%,83,2.6,12,7.7%,55,28.6,58,3.3,62,5.4,61,3.2,34,-0.3,63,1.2,10,-1.28,1,35,35,2.6,27,38.8,55,0.7,19,48,49,-0.22,65,-2.5,1
0,cory-joseph,47%,7,54.6,42,10.9%,14,65.6%,88,1.2,34,8.2%,46,24.2,42,2,43,5.5,62,8,93,-1,39,1.2,10,-0.03,44,25,25,6.4,12,33.9,20,0.9,28,23,24,0.22,42,-0.1,47
0,dalano-banton,52.3%,19,43.3,23,28.7%,70,36.6%,40,2.7,77,9.8%,23,35.5,76,4.5,73,2,24,4.2,50,-0.9,43,2.4,65,0.19,73,69,69,-6.6,83,38.1,50,1.9,63,98,98,0.03,53,-0.6,29
0,dalen-terry,49.1%,12,24.2,11,31.1%,76,52.4%,70,1.7,69,10.1%,19,24.7,44,2.1,45,2.1,25,6.9,85,-1.4,26,2.6,74,0.06,61,42,42,-9.4,91,37.5,46,2,66,48,49,1.6,9,1.2,84
0,damian-jones,62.6%,85,44.3,25,29.3%,71,19%,17,1.8,32,12.8%,6,20.3,25,1.5,31,4.3,46,2.8,29,-1.7,18,1.3,14,-0.24,30,33,33,-11,95,36.1,37,4.6,93,41,42,0.63,30,0.9,78
0,damian-lillard,59.4%,67,83.8,97,40.7%,91,49.2%,65,4.4,25,6.7%,72,52.4,96,10.6,96,6.7,82,6.8,84,3.9,97,2.5,70,-0.34,22,58,58,,,32.6,14,0.5,11,40,41,-1.02,93,-0.7,25
0,daniel-gafford,72.1%,99,23.9,10,39.1%,89,null%,0,7.9,93,9.6%,25,19.8,23,1.5,31,2,24,2.6,26,-0.3,63,2.4,65,-0.13,36,23,23,-3.8,68,47.9,96,7,99,,,1.76,7,0.8,75
0,daniel-theis,58.5%,62,52.6,38,17.7%,36,22.5%,20,3.9,75,9.2%,30,21.6,31,1.7,37,4.5,49,3.3,36,-1.2,32,2.5,70,0.06,61,68,68,-2.4,59,44.8,88,4.4,91,32,33,1.91,7,-0.2,43
0,chuma-okeke,48%,9,55.7,47,4.8%,3,73.3%,95,1.9,19,8.6%,40,17.4,13,0.4,9,4.4,47,2.3,20,-1.9,13,1.5,23,0.19,73,42,42,2.4,28,26.3,2,1.6,53,87,87,-1.11,95,0.7,73
0,dangelo-russell,59.6%,68,74.1,85,17.8%,36,48%,63,3,13,6.3%,76,45.9,91,9.5,94,6.5,79,7.5,91,1.7,92,2.4,65,0.02,58,20,20,,,33.8,19,1.3,42,74,74,-0.48,75,-1.2,12
0,danilo-gallinari,59.9%,70,75.2,87,51.4%,97,49.7%,66,2.3,16,5.2%,89,27.1,53,2.8,57,8.3,91,5.3,65,-0.7,50,1.6,28,-0.44,17,75,75,2,29,46.2,92,0.7,19,22,23,-0.03,55,-0.9,19
0,danuel-house-jr.,57.5%,54,59.7,54,43.8%,93,47.6%,62,1.7,11,10.4%,17,17.4,13,0.9,14,3.6,38,3.2,34,-1,39,1.3,14,0.15,69,10,10,3.3,23,31.4,8,0.9,28,95,95,0.37,36,0.3,63
0,dario-saric,59.9%,70,70.8,78,23.4%,55,50.9%,69,4.5,51,9.8%,23,33.8,73,5.3,78,9.2,96,6,76,0,71,2.7,77,-0.02,45,95,95,-7.1,86,45.5,89,0.8,24,28,29,0.9,23,-0.2,43
0,darius-garland,57.2%,50,76.6,89,23.6%,57,42%,49,2.6,51,9.9%,22,47.3,92,9.4,94,5.6,64,6.4,79,1.5,91,2.1,53,0.61,88,12,12,,,29.9,4,0.3,6,18,19,-0.97,92,-0.1,47
0,david-roddy,48.7%,11,33.5,14,16.9%,33,40.5%,47,3.5,82,9.5%,26,25.1,45,1.8,39,0.3,9,2.7,27,-2.6,2,1.7,34,-0.2,32,32,32,-4.6,74,42.2,75,0.9,28,91,91,-0.63,81,-1.2,12
0,davis-bertans,58.7%,63,83.1,97,18.3%,39,86.6%,99,1.4,12,3.4%,93,26.1,49,2.4,50,9.3,97,4.1,48,-0.3,63,2.7,77,-0.18,33,64,64,1.6,32,34.4,23,1.4,45,14,16,0.25,41,0.2,59
0,dayron-sharpe,61.4%,80,30.7,13,47%,96,4.9%,10,6.4,98,12.2%,9,28.8,58,2.8,57,3.2,34,4,47,0.2,74,2.5,70,-0.21,31,96,96,-2.4,59,44.3,85,4.2,90,9,10,2.28,4,0.4,66
0,deaaron-fox,56.9%,48,54.7,43,29.3%,71,36%,38,4.4,63,7.1%,66,52.2,96,9.8,95,1.4,19,5.3,65,3,95,3.6,94,-0.55,10,49,49,,,33.9,20,1,33,43,44,-0.16,61,0,51
0,davion-mitchell,54.5%,30,48.5,29,12.6%,20,52.3%,70,1.1,12,7.6%,57,26.3,50,2.7,55,1,15,6.5,81,-1.9,13,1.3,14,0.41,82,23,23,,,32,9,0.3,6,21,22,0.44,35,-1,16
0,deandre-hunter,61.3%,79,71.8,81,29.9%,72,43.8%,53,3.6,6,8.5%,41,27,52,2.6,54,5.5,62,1.7,13,-0.1,69,1.8,40,0.34,79,65,65,3.1,24,36.4,39,1.1,36,64,64,0.53,32,-1.2,12
0,deanthony-melton,54%,28,66.5,70,22.7%,52,59.5%,80,3.8,66,6.2%,78,30.9,65,3.6,65,6.4,78,5.7,71,0.6,81,4.1,96,0.96,96,33,33,-0.5,47,41.5,73,1.5,49,44,45,0.13,47,1.5,89
0,dean-wade,59.8%,70,64.6,65,11.2%,15,87.1%,99,4,21,6.3%,76,14.3,7,0.2,8,8.2,90,3,32,-1,39,2.6,74,0.6,88,88,88,-4.7,74,41.3,71,2,66,79,79,0.21,43,2.5,97
0,deandre-ayton,60.1%,73,51.8,35,11.7%,16,0.5%,4,11.2,53,10.4%,17,25.9,49,1.9,41,3.5,37,1.7,13,-1.2,32,1.8,40,-0.54,11,55,55,-2.8,63,34.7,26,2.2,71,12,13,-0.43,73,0.2,59
0,christian-braun,55.4%,37,49.7,31,29.7%,72,32.9%,35,3.5,34,7.1%,66,24.1,42,2.1,45,2.6,29,4.2,50,-1.7,18,1.3,14,0.12,66,71,71,-9,91,40.5,67,1.9,63,79,79,0.32,38,-0.2,43
0,dejounte-murray,56%,41,58.9,52,19.3%,42,36.9%,40,5.2,39,6.9%,70,46.6,92,8.2,92,1.9,23,5.9,75,1.5,91,3,83,0.34,79,68,68,,,44.1,84,0.8,24,49,50,-1.08,94,-1.9,5
0,delon-wright,49.3%,12,64.6,65,26.1%,63,29.6%,28,1.8,28,3%,93,30.3,62,3.3,62,5.2,58,9.1,98,-0.6,54,4.5,98,1.29,98,22,22,,,41.4,72,1.4,45,26,27,-1.24,96,1.4,87
0,demar-derozan,58.5%,62,61.9,58,46.2%,95,17.4%,17,4.3,14,4.6%,90,43.4,87,6.8,85,5.4,61,6.5,81,1.4,90,1.6,28,-0.46,15,33,33,-3.1,65,40.7,68,1.6,53,27,28,-0.81,89,-1,16
0,deni-avdija,60%,71,53.8,41,32%,78,28.5%,26,6.9,31,10.1%,19,32.6,70,4.9,76,7.3,84,5.5,68,-0.7,50,1.7,34,0.4,81,80,80,-1.3,52,43.1,78,1.2,38,100,100,0.29,39,0.4,66
0,deandre-jordan,60.5%,76,7.2,8,64.5%,99,null%,0,4.6,86,13.8%,4,21,28,1.4,28,0.6,11,2.4,22,-2.5,3,1,5,-1.37,1,95,95,-1.2,51,39.9,64,3.4,86,12,13,2.47,2,-0.1,47
0,dennis-schroder,55.9%,40,66.3,69,24.2%,59,39.6%,44,2.7,8,7.2%,63,41.9,86,7.5,89,4.7,51,7.8,93,-0.2,67,1.7,34,0.18,71,17,17,,,36.2,37,0.5,11,23,24,-0.45,73,-1.7,6
0,dennis-smith-jr.,50.2%,14,41.3,20,17.1%,33,32%,33,3.1,51,8.1%,47,37.2,78,5,76,1.6,20,8,93,-1,39,4.5,98,0.61,88,28,28,,,31.2,7,1.1,36,31,32,1.35,11,1.5,89
0,derrick-jones-jr.,60.1%,73,47.5,27,25.8%,62,48.9%,65,3.4,68,9.4%,27,19.1,18,1,16,1.3,18,1.5,11,-0.4,60,2.5,70,-0.09,39,17,17,-3.1,65,39.5,60,2.4,75,96,96,-0.35,70,-0.1,47
0,derrick-rose,54%,28,66.8,71,16.4%,30,24.8%,22,1.9,35,8.6%,40,44.1,88,7.9,91,4.2,44,7.2,87,-1.6,21,1.4,18,0.06,61,35,35,,,34.7,26,0.5,11,37,38,-0.92,91,-0.7,25
0,derrick-white,61.2%,79,75.9,88,17.8%,36,57.4%,79,4.2,15,6.5%,75,36.9,78,6.4,83,9.4,98,7.4,90,2,93,2.4,65,0.17,70,14,14,-6.6,83,38.1,50,3.5,86,74,74,-0.54,78,1.9,93
0,desmond-bane,59.4%,67,86.3,98,21%,47,45.9%,58,4.5,74,7.6%,57,48.9,94,9.4,94,8.2,90,5.8,73,1.5,91,2,48,0.22,74,58,58,,,29.3,3,1.4,45,61,62,0.18,44,-0.5,32
0,devin-booker,60.6%,77,75.2,87,34.9%,83,30%,29,4.7,76,6.2%,78,55.1,97,11.5,97,6.2,75,7.2,87,4.4,98,1.4,18,-0.17,33,10,10,,,34.4,23,1,33,88,88,0.17,44,-0.9,19
0,devin-vassell,58%,58,71.5,80,20%,44,43.1%,52,3.8,8,6%,80,38.3,80,5.8,81,6.2,75,5.4,67,0.1,73,2.3,61,0.29,77,58,58,2.6,27,43.4,80,0.9,28,47,48,-1.65,99,-0.8,22
0,devonte-graham,55.8%,39,55,44,22.9%,53,71.4%,93,1.3,15,null%,100,,0,,1,,0,,0,-0.6,54,1.6,28,0.36,79,43,43,7.1,11,32.3,11,0.7,19,19,20,-0.94,91,-0.3,39
0,dillon-brooks,55.9%,40,68.6,74,19.6%,43,47.1%,61,3.5,37,8.4%,43,23.8,41,1.8,39,5.8,68,2.2,19,-1.1,35,1.7,34,0.87,94,68,68,-1.7,55,33.8,19,0.4,8,94,94,1.04,18,0.4,66
0,domantas-sabonis,65%,91,50.3,33,37%,88,8.2%,11,13.7,45,9.5%,26,46.4,91,8.6,92,7.4,86,8.3,95,1.6,91,1.9,43,0.23,74,97,97,-5.1,78,43.8,83,1.5,49,2,4,0.26,41,1.1,82
0,donovan-mitchell,60%,71,77.8,90,29.3%,71,44.9%,55,5.3,33,7.3%,62,54.9,97,11.4,97,7.5,87,6.1,77,4,97,3.1,86,0.15,69,82,82,,,36.5,40,1.3,42,75,75,-0.57,79,1.5,89
0,donte-divincenzo,58.7%,63,68.8,75,11.2%,15,69.7%,91,3.5,27,7.2%,63,34.6,74,4.8,75,6.5,79,4.2,50,0.7,83,3.8,95,0.73,92,27,27,1.4,33,39.6,62,1.3,42,59,60,-0.08,57,0.4,66
0,dorian-finney-smith,55.7%,38,59.3,52,7.9%,7,66.3%,89,4.7,79,7.7%,55,19.4,20,1.1,18,4.7,51,3.2,34,-0.7,50,2.1,53,0.07,62,63,63,-4.3,72,41.4,72,1.8,59,95,95,0.1,48,0.9,78
0,draymond-green,58.2%,60,55.2,46,21%,47,34.8%,38,7.1,26,12%,10,37.6,79,7,87,9.2,96,8.7,96,-0.7,50,2.6,74,-0.07,40,88,88,-1.9,56,29.5,4,3,82,36,37,1.31,12,3.4,100
0,drew-eubanks,66.7%,95,46.9,27,37.7%,88,1.4%,7,4.3,85,15.1%,1,17.9,15,1.2,21,1.1,16,2.1,17,-1.8,16,2.7,77,-0.14,35,63,63,-6.4,82,43.3,79,4.6,93,16,17,0.66,29,0.2,59
0,duncan-robinson,62.1%,83,90.7,99,13.6%,22,69.1%,91,2.6,5,8%,48,31.3,66,4.6,74,9.3,97,5.3,65,0.4,78,1.8,40,0.49,85,37,37,1.2,35,38.1,50,0.8,24,69,69,0.17,44,0.1,55
0,dwight-powell,73.4%,99,48.9,29,85.7%,100,2%,7,3.4,90,10%,21,17.9,15,1.1,18,7.5,87,7.4,90,0.1,73,2.4,65,0.45,84,71,71,-5.1,78,38.3,52,2.2,71,16,17,2.19,5,1.2,84
0,dyson-daniels,51.8%,16,28,13,19.5%,42,43%,52,3.7,38,9.4%,27,23.5,39,2,43,2.9,31,7.1,86,-1,39,4.5,98,0.29,77,69,69,,,33.9,20,1.8,59,80,80,-0.16,61,2.1,94
0,eric-gordon,58.9%,64,73.3,84,10.9%,14,63.5%,86,2,8,7.9%,51,25.2,45,2.5,52,5.9,71,3.8,45,-0.2,67,1.9,43,-0.42,18,26,26,4.4,19,36.3,38,1.4,45,75,75,-1.27,97,-1.4,10
0,evan-fournier,48.4%,10,68.1,72,16.5%,30,65.4%,88,1.9,22,6.7%,72,29.8,61,2.6,54,4.6,50,3.9,46,-1.5,24,4.8,99,0.01,57,20,20,11.1,5,40,66,0.5,11,10,12,0.84,24,-0.3,39
0,evan-mobley,61.5%,81,40,18,29.3%,71,8.2%,11,10.2,74,9.7%,24,31,66,3.5,64,3.5,37,4.5,56,-1,39,2.5,70,0.49,85,70,70,-12.4,97,48,96,4.4,91,26,27,0.47,35,2.2,95
0,doug-mcdermott,59.6%,68,74,85,7.9%,7,80.8%,98,1,27,6.4%,76,23.6,40,2.3,48,6.4,78,4.7,59,-1,39,0.6,1,-0.84,4,13,13,-0.9,49,32.9,15,0.2,4,50,51,-0.42,72,-2.3,2
0,franz-wagner,57.2%,50,66.2,69,28.1%,69,30.8%,30,5.6,72,7.9%,51,40.8,84,5.8,81,5.7,66,4.9,62,1.2,88,2.3,61,-0.07,40,80,80,-2.4,59,37.1,42,1.2,38,51,52,-0.21,64,1.5,89
0,fred-vanvleet,56.8%,46,81.5,95,23.1%,54,58.1%,79,3.8,20,5.2%,89,44,88,8.1,91,9.3,97,8.7,96,1.3,89,2.7,77,0.8,93,48,48,,,33.5,17,2.1,69,58,59,-0.6,80,1.9,93
0,furkan-korkmaz,51.9%,17,62.6,60,26.3%,63,52.6%,71,0.9,52,7.2%,63,22.2,34,1.6,34,4.8,52,5.3,65,-1,39,3.1,86,0.37,80,11,11,14.6,4,45.2,88,0.9,28,74,74,-0.78,87,-0.1,47
0,gabe-vincent,41.1%,2,null,0,6.3%,4,53.1%,72,1,59,3.5%,93,22.9,37,1,16,5.6,64,7.9,93,-1.6,21,3.4,92,0.79,93,4,4,-5,77,18.8,0,,,17,18,0.59,30,-0.6,29
0,garrett-temple,48.6%,10,null,0,28.6%,70,42.9%,51,0.7,43,null%,100,,0,,1,,0,,0,-3.6,0,3.1,86,0.13,67,23,23,-4.1,70,43.8,83,,,34,35,0.31,38,0.4,66
0,garrison-mathews,63.9%,89,76.3,88,14.4%,24,89.2%,100,1.3,16,7.6%,57,13.1,7,0.1,7,8.3,91,2.2,19,-2.1,8,1.1,7,0.88,94,11,11,3.6,22,31.6,9,0.8,24,43,44,1.7,9,-0.1,47
0,gary-harris,59.7%,69,65.3,67,16.9%,33,68.1%,90,1.6,8,5.5%,85,19.9,23,1.4,28,6,72,5,63,-0.8,46,2.5,70,0.4,81,4,4,1.4,33,39.8,63,1.2,38,30,31,-0.19,63,0.8,75
0,gary-payton-ii,59.1%,65,46.3,26,11.9%,17,32.6%,34,2.8,78,9.1%,32,21,28,1.6,34,2.2,26,3.6,41,-0.5,57,5.2,99,1.02,97,65,65,7.2,10,35.4,31,2,66,30,31,1.02,18,1.7,91
0,gary-trent-jr.,55.2%,35,76.6,89,10%,12,56.3%,76,2.5,59,4.2%,91,26.3,50,2.1,45,5.2,58,2.9,31,0,71,2.5,70,0.64,90,4,4,1.7,31,38.1,50,0.5,11,25,26,-1.12,95,-1.1,14
0,georges-niang,57.8%,56,80.7,94,10.1%,12,62%,84,3.6,3,7.9%,51,24,41,2,43,7.4,86,2.8,29,-0.7,50,1.4,18,-0.21,31,76,76,-3.9,69,39.3,59,0.9,28,54,55,0.97,20,-0.9,19
0,giannis-antetokounmpo,65.6%,93,40,18,60.1%,98,9.5%,12,11.2,47,8.6%,40,54.7,97,10.2,96,4.7,51,6.5,81,5,100,2.3,61,-0.6,9,95,95,-8.7,89,40.2,66,2.4,75,58,59,0.16,45,1.7,91
0,goga-bitadze,63.4%,88,44,24,40.7%,91,6.2%,10,5,94,10.7%,15,20.6,26,1.4,28,5.9,71,5,63,-0.6,54,2.8,80,0.12,66,46,46,-2.2,58,47.6,95,7.2,99,2,4,1.22,14,2.2,95
0,gordon-hayward,53.9%,27,67.6,71,28.8%,70,20.3%,18,4,23,8%,48,33.6,72,4.6,74,4.9,53,6.6,82,-0.9,43,2,48,0.29,77,66,66,3.3,23,32.4,12,1.1,36,15,16,-0.77,86,-1,16
0,grayson-allen,69.3%,98,90.3,99,22%,50,65.6%,88,3.8,18,7.9%,51,24.1,42,3.2,61,9.3,97,5.5,68,1,85,2.2,57,-0.15,34,38,38,0.4,40,34.2,21,1.6,53,49,50,-0.48,75,-0.3,39
0,harrison-barnes,62.7%,86,70.9,78,24.9%,61,54%,73,2.9,30,5.9%,81,20.4,25,1.3,25,5.9,71,2.1,17,0.1,73,1.6,28,-0.27,28,59,59,1.2,35,32.5,13,0.5,11,29,30,-1.24,96,-1,16
0,herbert-jones,64.8%,91,72,81,25.7%,62,45.4%,56,3.6,62,8.5%,41,23.4,38,2.7,55,9.5,100,5.2,64,0.2,74,3,83,0.91,95,33,33,-3.3,66,31.3,8,2.8,80,97,97,0.78,26,2.4,97
0,immanuel-quickley,56.9%,48,82.8,96,25.5%,62,48.1%,63,3.6,52,5.3%,88,43.6,87,7.7,90,8.3,91,6.4,79,1.2,88,1.6,28,-0.14,35,26,26,,,37.3,45,0.4,8,45,46,-0.77,86,0.2,59
0,isaac-okoro,60.3%,74,54.7,43,27.9%,68,44.2%,54,3.2,45,6.8%,71,22.2,34,2,43,4.5,49,4.5,56,-0.4,60,2,48,-0.35,21,65,65,4.4,19,28.7,3,1.8,59,43,44,-0.03,55,1.1,82
0,isaiah-hartenstein,65.5%,93,43.1,22,41.7%,92,1.1%,6,8.5,98,11.3%,13,19.4,20,1.2,21,6.5,79,6,76,0,71,2.6,74,0.23,74,51,51,-12.8,97,49.2,97,4.1,90,7,9,1.19,15,2.7,99
0,isaiah-jackson,69.1%,97,46.9,27,45.1%,94,2%,7,4,89,10.4%,17,24.1,42,1.9,41,1.9,23,2.5,24,-0.5,57,3.5,93,0.1,65,42,42,-10.4,94,46.3,92,6.2,98,16,17,3.93,0,1,80
0,isaiah-joe,62.3%,84,80.8,94,10.2%,12,72.8%,93,2.3,64,6.8%,71,23.7,40,2.2,47,7.6,88,3,32,0.5,80,1.8,40,1.16,98,11,11,-5,77,34.8,26,1.4,45,81,81,-0.58,79,0,51
0,isaiah-mobley,46.2%,6,null,0,null%,0,53.8%,72,1,27,null%,100,,0,,1,,0,,0,-1.9,13,2.1,53,0.03,59,58,58,40.3,0,13,0,,,,,0.71,27,-0.4,36
0,isaiah-stewart,60%,71,53.6,40,22.3%,51,45.8%,57,6.6,89,11.3%,13,19.5,21,1.3,25,4,42,2.3,20,-1.6,21,0.5,0,-0.3,26,90,90,-12,96,34.6,25,2.3,73,27,28,-0.31,69,0.8,75
0,ivica-zubac,67.2%,97,38.8,17,34.1%,82,null%,0,9.1,95,10.2%,19,21.5,31,1.6,34,3.9,40,2.5,24,-0.6,54,0.7,2,-1.19,1,97,97,-13,97,39.9,64,4,90,9,10,0.91,22,1.7,91
0,ja-morant,57%,49,54.7,43,37.6%,88,30%,29,5.6,73,7.3%,62,57.9,98,11,97,2.7,30,7.3,88,2.1,94,1.6,28,-0.34,22,37,37,,,48.1,96,1.5,49,40,41,-0.66,82,0,51
0,jabari-smith-jr.,56.9%,48,63.4,62,21.8%,49,44.3%,54,8.5,87,8.2%,46,23.2,38,1.6,34,4.5,49,2.1,17,-0.9,43,2.1,53,-0.58,9,52,52,-3.9,69,37.8,48,2.2,71,78,78,0.23,42,-0.6,29
0,jabari-walker,55%,34,36.1,16,32.8%,80,28.2%,26,6.5,70,9.4%,27,21.3,29,1.2,21,0.2,8,1.4,11,-1.7,18,1.7,34,0.32,78,43,43,-2.6,61,43.5,81,1.4,45,84,84,0.98,19,-0.7,25
0,jaden-hardy,51.9%,17,60.7,56,15.6%,29,47.7%,62,1.7,32,6.9%,70,37.8,80,4.9,76,2.1,25,4.5,56,-0.7,50,1.6,28,-0.44,17,42,42,,,34.4,23,0.4,8,84,84,-0.24,66,-1.3,11
0,jaden-ivey,54.5%,30,47.8,28,33.3%,81,37.4%,41,3.5,49,10.9%,14,38.7,81,5.7,80,0.5,10,4.6,57,-0.7,50,1.6,28,-0.34,22,16,16,,,43.4,80,1.8,59,38,39,0.75,26,-2,4
0,jaden-mcdaniels,56.4%,44,53.6,40,11.1%,15,39.6%,44,3,40,9.8%,23,20.5,26,1.3,25,4.7,51,2.1,17,-1.3,29,2.5,70,0.54,86,18,18,-7.6,87,37.7,47,1.7,55,86,86,1.09,17,0.8,75
0,jaden-springer,46.7%,7,36.2,16,26.9%,65,32.1%,33,1.6,69,13%,6,26.2,50,2,43,0.7,12,3.6,41,-2.3,5,3.2,89,-0.24,30,49,49,-4.3,72,35.4,31,2.7,78,52,53,1.96,6,0.9,78
0,jae-crowder,56%,41,60.3,56,12.9%,21,62.2%,85,3.4,7,5.4%,86,16.6,10,0.6,11,6.8,83,4.5,56,-1.8,16,2.6,74,0.46,84,70,70,-6.2,81,32.5,13,0.7,19,98,98,-0.31,69,0.8,75
0,jaesean-tate,53.5%,25,44.1,24,16.7%,31,34.3%,37,3.2,81,8.7%,38,17.3,12,0.7,12,4.1,43,4.2,50,-1.8,16,2.6,74,0.02,58,61,61,-2,57,33.3,16,1.3,42,96,96,1.99,6,2.2,95
0,jake-laravia,48.7%,11,44.5,25,34.5%,83,48.5%,64,3.4,68,7.1%,66,28.3,57,2.1,45,0.5,10,2.9,31,-1.3,29,3.3,91,-0.47,14,11,11,-1.3,52,46.4,92,1.4,45,30,31,0.91,22,-0.8,22
0,jalen-brunson,59.3%,66,71.8,81,30.7%,75,32.7%,35,3.7,36,6.2%,78,58.5,99,13,98,5.5,62,6.4,79,4.5,99,1.5,23,-0.3,26,32,32,,,36,36,0.5,11,47,48,-0.87,90,-1.2,12
0,jalen-duren,65.8%,94,49.8,32,30.4%,74,0.6%,5,11.9,88,13.2%,5,25.7,48,2.1,45,4.4,47,3.4,39,-0.6,54,1.4,18,0.18,71,29,29,-3.3,66,39.5,60,2.3,73,2,4,1.16,16,-0.2,43
0,jalen-green,53.2%,23,65,67,26.9%,65,43.8%,53,4.9,9,8.4%,43,40.3,83,5.4,79,3.3,35,3.9,46,-0.1,69,1.5,23,-0.65,8,18,18,-3.5,67,38.6,54,1,33,38,39,-1.31,98,-2.1,3
0,jalen-johnson,58.7%,63,48,28,21.6%,48,28.8%,26,8.6,64,7.8%,53,30.8,64,3.9,68,4.8,52,5.2,64,-0.3,63,2.2,57,0.05,60,33,33,-0.4,46,45.9,90,2.4,75,48,49,-0.16,61,0.5,69
0,jalen-mcdaniels,42%,3,46.1,26,18.3%,39,45.8%,57,1.5,58,11.4%,12,24.6,44,1.3,25,0.4,9,1.9,15,-2.3,5,3,83,0.18,71,22,22,-8.1,88,35.8,34,0.9,28,91,91,0.9,23,0.2,59
0,jalen-smith,69.7%,98,60.8,57,27.7%,68,37.8%,42,5.6,92,7.7%,55,27.1,53,3.3,62,6.1,74,2.9,31,0.8,83,0.8,3,-0.81,5,88,88,-9.8,93,47,93,2.7,78,29,30,1.56,10,-0.8,22
0,jalen-suggs,59.5%,67,55,44,19.1%,41,54.9%,74,3.2,26,11.4%,12,30.6,64,4.3,71,2.2,26,3.4,39,-0.7,50,3.2,89,0.97,96,70,70,,,38.2,51,2,66,28,29,0.98,19,1.6,90
0,jalen-williams,62.4%,85,80.7,94,23%,54,24.4%,22,4.1,30,6.3%,76,41.1,85,7.8,90,9.1,95,6.3,78,1,85,3.2,89,0.94,95,18,18,-8.7,89,44.3,85,1.7,55,100,100,0.16,45,0.3,63
0,jamal-murray,57.9%,57,81.2,95,18.9%,41,34.3%,37,4.1,72,5.8%,83,54.7,97,12.1,98,7.3,84,7.4,90,2.5,94,2,48,0.45,84,10,10,,,35.3,30,1.7,55,70,70,-0.76,84,-0.5,32
0,james-bouknight,59.7%,69,55,44,4.9%,3,73.2%,94,0.6,63,null%,100,,0,,1,,0,,0,-0.5,57,1.3,14,0.01,57,20,20,-30.3,100,34.6,25,1.1,36,31,32,-1.48,98,0,51
0,jakob-poeltl,65.3%,92,17.3,9,28.3%,69,null%,0,8.6,97,11.1%,14,25.2,45,1.9,41,3.8,40,4.8,61,-0.4,60,1.7,34,0.13,67,82,82,-6.8,84,48.7,97,5,94,1,3,1.25,14,2.6,98
0,james-harden,62.9%,86,81.9,96,42.9%,93,59%,80,5.1,38,7.7%,55,48,93,10.7,96,9.5,100,9,97,3.7,96,2,48,-0.33,24,45,45,,,36.3,38,2.3,73,88,88,-0.81,89,0.4,66
0,james-wiseman,66.1%,94,39.8,18,31.6%,77,1%,6,4.7,33,13.1%,5,20.7,27,1.5,31,1.7,21,1.8,14,-2.3,5,0.3,0,-0.28,27,45,45,-6.8,84,39.9,64,3.7,87,8,9,2.35,3,-0.9,19
0,jaren-jackson-jr.,55.5%,37,64,64,36.7%,87,32.3%,34,5.5,79,9.5%,26,40.1,83,4.8,75,5.2,58,2.3,20,-0.3,63,2.9,81,-0.04,43,36,36,-7.3,86,43.6,81,4.6,93,28,29,1.18,16,1.6,90
0,jarred-vanderbilt,57.8%,56,30.2,13,31.6%,77,23.7%,21,4.8,93,13.9%,3,16.6,10,0.8,13,1.5,19,3.5,40,-1.5,24,3.2,89,0.52,86,21,21,3.4,22,35.2,29,0.7,19,92,92,-0.15,60,1.8,92
0,jarrett-allen,65.8%,94,41.3,20,40.3%,90,0.8%,5,10.6,94,9.3%,29,27.9,55,2.3,48,4.8,52,3.9,46,1.1,86,1.7,34,-0.14,35,72,72,-7.5,87,49,97,3.3,85,8,9,-0.5,76,2.2,95
0,javale-mcgee,64%,89,27.7,12,36.8%,87,4.3%,9,2.8,95,18.4%,0,26.6,50,2.4,50,0.1,7,0,0,-2,10,1.4,18,-0.43,17,80,80,-10.7,94,43.4,80,5.4,96,10,12,2.33,3,0,51
0,jaxson-hayes,69.8%,98,43.3,23,46%,95,5.8%,10,2.7,82,14.5%,3,15.1,8,0.9,14,2.6,29,0.9,9,-1.9,13,2.5,70,0.72,91,87,87,0.9,38,37.3,45,2.9,81,11,12,2.39,3,0.3,63
0,jaylen-brown,58.4%,61,57.7,50,24.5%,59,32.8%,35,5.6,29,7.7%,55,44,88,7,87,4.5,49,4.2,50,2,93,1.9,43,-0.37,20,29,29,-5.9,80,34.9,27,1.3,42,94,94,0.03,53,-0.2,43
0,jaylin-williams,54.2%,29,62.5,60,15.9%,29,63.6%,86,3.2,49,6.3%,76,23.8,41,2.2,47,8.2,90,6.7,83,-1.1,35,2.2,57,-0.06,41,80,80,-1.4,53,37.6,47,2.7,78,7,9,1.3,13,1.1,82
0,jayson-tatum,60.7%,78,78.7,92,34.3%,82,43.4%,52,8.3,71,7.1%,66,49.3,95,9.3,93,8.4,92,5.5,68,4.5,99,2,48,-0.07,40,65,65,-0.4,46,36.8,41,1.4,45,91,91,-0.78,87,1,80
0,jeff-green,58.4%,61,59.5,53,47%,96,36.5%,39,2.1,15,9.8%,23,20.4,25,1.3,25,5.3,59,2.3,20,-2.3,5,1.2,10,-0.46,15,24,24,-8.6,89,32.5,13,2.3,73,65,66,0.12,48,-1,16
0,jerami-grant,57.3%,51,61.2,57,36.7%,87,32.5%,34,3.5,36,8.3%,44,37.4,79,5.1,77,5,54,3.3,36,-0.6,54,1.8,40,-0.14,35,11,11,4,20,39.9,64,1.7,55,74,74,-0.51,76,-2,4
0,jeremiah-robinson-earl,59.1%,65,60.5,56,19.2%,41,41%,47,2.2,72,9.4%,27,21.3,29,1.7,37,3.1,33,3.7,43,-1.2,32,1.6,28,-0.48,13,41,41,5.1,16,43.4,80,1.4,45,33,34,-0.18,62,-0.3,39
0,jeremy-sochan,51.8%,16,47.7,28,18.6%,40,27.9%,25,6.3,86,10%,21,29.9,62,3.4,63,4.2,44,5.4,67,-2.3,5,2.1,53,0.24,75,59,59,-0.4,46,37,41,1.5,49,93,93,0.03,53,-0.7,25
0,jevon-carter,48.9%,12,62,58,2.2%,2,63.4%,86,0.8,27,7%,68,27.3,53,2.4,50,4.4,47,4,47,-1.1,35,3.2,89,-0.13,36,58,58,-0.4,46,34.5,24,1.6,53,41,42,-0.16,61,0.6,70
0,jimmy-butler,62.3%,84,69.2,76,57.8%,98,16.9%,16,5.5,83,5.8%,83,42.9,87,7.9,91,7.4,86,6.4,79,2.8,95,2.5,70,1.14,97,70,70,7.9,9,29.7,4,1,33,81,81,-1.58,99,1.2,84
0,joe-harris,48.9%,12,49.4,31,5.1%,3,76.9%,97,0.8,7,6.7%,72,16.4,9,0.4,9,1.8,22,4.2,50,-0.7,50,1.3,14,-0.12,36,62,62,9.3,7,43.6,81,1,33,24,25,1.21,14,-0.3,39
0,joe-ingles,60.1%,73,76.2,88,14.1%,23,69.6%,91,2.1,35,9.1%,32,28.7,58,4.2,71,9.4,98,9,97,-0.9,43,2,48,-0.3,26,81,81,4.2,20,34.5,24,0.4,8,41,42,0.13,47,0,51
0,joel-embiid,64.5%,90,67,71,53.4%,98,14.9%,14,11.3,22,8.2%,46,64.3,99,14.6,99,9.1,95,5.9,75,4.3,98,1.6,28,-0.28,27,54,54,-10.5,94,43.4,80,4.7,94,13,14,0.23,42,2.6,98
0,john-collins,60.8%,78,60,55,22.8%,53,31.1%,31,8.5,74,9.8%,23,25.5,47,2.1,45,3.1,33,1.2,10,-0.2,67,1.2,10,-0.71,6,71,71,-2.7,62,42.7,77,2.9,81,36,37,0.78,26,-1.1,14
0,john-konchar,54%,28,56.3,48,12.4%,18,56.2%,76,4.6,90,10.5%,16,18,15,1.1,18,5.3,59,6.4,79,-1.6,21,3.2,89,0.66,91,44,44,-3.5,67,44.7,87,4.3,91,67,67,-0.48,75,2.2,95
0,jonas-valanciunas,62.4%,85,58.1,51,28.6%,70,16.9%,16,9.3,97,8.8%,36,30.8,64,3.9,68,6.6,80,4.3,52,0.3,76,0.9,4,-1.12,2,97,97,-0.2,45,44.4,85,3.9,89,1,3,1.2,15,0.8,75
0,jonathan-kuminga,60%,71,50.2,32,36.1%,86,19.5%,18,4.7,37,9%,33,34.6,74,4.3,71,2.5,28,2.9,31,0.1,73,1.5,23,0.07,62,24,24,-1.8,55,37.2,43,1.6,53,97,97,0.27,40,0.2,59
0,jordan-clarkson,52.4%,20,66.5,70,24.2%,59,37.9%,42,3.4,78,9.2%,30,44.7,90,6.8,85,2.6,29,5.8,73,0.5,80,1.5,23,-0.54,11,19,19,,,40.2,66,0.3,6,48,49,-1.07,93,-2.8,0
0,johnny-davis,39.5%,2,26.8,11,12.1%,17,23.4%,21,1.4,42,5.6%,84,17.9,15,0.2,8,0.2,8,2.5,24,-2.9,1,2.8,80,0.09,64,61,61,7.3,10,39.4,59,1.3,42,58,59,0.46,35,0.2,59
0,jordan-nwora,55.7%,38,69.9,76,18.5%,40,45.5%,57,2.4,60,8%,48,32.3,69,3.7,66,6.5,79,3.6,41,-1.2,32,1.6,28,-0.12,36,27,27,-4.2,71,47.8,95,1.3,42,70,70,0.16,45,-1.4,10
0,jordan-poole,52.6%,20,71.6,80,19.5%,42,47%,60,2.5,25,9.1%,32,40.5,83,5.7,80,5.1,56,4.7,59,-1,39,2.1,53,-0.25,29,53,53,4.3,19,37.7,47,1,33,56,57,1.16,16,-2.3,2
0,josh-giddey,53%,22,49.2,30,12.8%,20,29%,27,6.1,73,9.5%,26,41.1,85,6.5,84,3.9,40,7,86,-0.3,63,1.6,28,0.41,82,25,25,-2.5,60,44.6,86,2,66,84,84,-0.88,90,-0.5,32
0,josh-green,60.4%,75,55.2,46,15.5%,28,49.9%,67,3.2,42,8.9%,35,21.4,30,2,43,5.6,64,5.4,67,-0.3,63,2.3,61,1.52,99,18,18,0.9,38,32.3,11,0.6,15,63,64,-0.18,62,-0.4,36
0,josh-hart,51.2%,15,54.8,43,16.4%,30,41.3%,48,8.1,65,8.6%,40,25.7,48,2.4,50,4.9,53,6.6,82,-0.2,67,2.1,53,-0.42,18,80,80,-4.9,76,36.8,41,0.9,28,73,73,-0.59,80,1.8,92
0,josh-minott,57.3%,51,null,0,51.9%,97,29.6%,28,0.5,44,null%,100,,0,,1,,0,,0,-0.2,67,4.8,99,-0.26,28,72,72,30.1,0,32.3,11,5.3,95,82,82,0.95,21,0.1,55
0,josh-okogie,54.9%,33,48,28,50.3%,97,45.7%,57,2.7,83,8.8%,36,19.4,20,1.1,18,2.7,30,4.1,48,-0.7,50,3.5,93,1.27,98,14,14,-2.2,58,36.3,38,2.1,69,76,76,-0.29,68,1.4,87
0,josh-richardson,57.3%,51,72.2,82,15.6%,29,54.8%,74,2.8,57,5.9%,81,26.9,52,2.9,58,6.5,79,5.6,69,-1.7,18,2,48,0.29,77,17,17,2.7,26,30.2,5,1.2,38,61,62,-0.34,69,-0.5,32
0,jrue-holiday,60.5%,76,72.4,82,11.8%,16,45.9%,58,5.4,38,8.4%,43,32.3,69,5.3,78,9.2,96,7,86,1.1,86,2.5,70,0.39,81,65,65,-6.3,81,37.4,46,2,66,98,98,-1.05,93,0.9,78
0,jt-thor,45.6%,5,35.1,15,8.6%,8,44.4%,55,2.3,69,6.7%,72,14.9,8,-0.1,0,0.1,7,1.9,15,-2.7,2,1.4,18,-0.36,21,80,80,4.7,18,42.8,77,3.1,83,55,56,-0.08,57,-0.1,47
0,justin-holiday,60.4%,75,70.5,77,2.9%,2,69.8%,92,1.2,6,4.3%,91,18.6,17,1.2,21,8.4,92,6.7,83,-1.9,13,2.7,77,-0.09,39,51,51,4.5,18,40.8,69,0.8,24,92,92,0.24,41,0.7,73
0,jonathan-isaac,59.6%,68,50.1,32,30.2%,73,37.4%,41,4.3,81,7.6%,57,21.2,29,1.1,18,2.8,31,1,9,0.3,76,3,83,0.43,83,75,75,-19.9,99,44.5,86,7.4,99,65,66,-0.33,69,3.2,99
0,jose-alvarado,53.8%,26,51.9,36,15.8%,29,57.2%,78,2.1,40,6.9%,70,30.3,62,3.6,65,1.7,21,5,63,-0.2,67,4.6,98,1.36,99,73,73,,,34.5,24,1.7,55,25,26,0.27,40,1.2,84
0,jusuf-nurkic,57%,49,26.9,12,40.8%,91,15.8%,15,11,47,12.5%,7,32.8,71,4,69,4.7,51,5.7,71,0.4,78,2.7,77,-0.09,39,100,100,-8,87,43.2,79,3.4,86,3,5,1.62,9,3.1,99
0,karl-anthony-towns,62.8%,86,80.6,93,30.7%,75,34%,37,8.4,75,10.8%,15,39.1,82,6.4,83,9.5,100,3.4,39,1.3,89,1.5,23,-0.51,12,83,83,0.3,40,31.3,8,1.8,59,48,49,0.8,24,1.3,85
0,kawhi-leonard,63%,87,86.5,98,25.1%,61,29.6%,28,6.1,72,5.8%,83,41.6,86,7.1,88,9.1,95,4.7,59,3.9,97,3,83,0.15,69,91,91,,,37.9,49,2.2,71,89,89,-1.34,98,2.3,96
0,jordan-mclaughlin,60.1%,73,60.8,57,11.8%,16,61.8%,84,1.2,15,5.3%,88,31.9,68,5.1,77,6.6,80,9.1,98,-0.5,57,4.5,98,0.64,90,75,75,,,34.5,24,1.5,49,13,14,-0.73,83,2,93
0,keegan-murray,56.9%,48,62.3,59,14.3%,24,50.8%,68,5.4,44,5.4%,86,24.3,43,1.8,39,6.5,79,2.7,27,0,71,1.9,43,0.01,57,46,46,-3.2,65,42.3,75,1.8,59,69,69,0.13,47,0.8,75
0,keita-bates-diop,53.1%,22,49.3,30,24.1%,58,41.6%,49,2.1,51,5.8%,83,18.9,18,0.8,13,2.2,26,3.7,43,-1.1,35,2,48,-0.1,38,73,73,-5.5,79,39.5,60,3,82,71,71,-0.9,91,-0.3,39
0,keldon-johnson,56.5%,45,62.1,59,24.3%,59,42%,49,5.5,70,7.1%,66,33.8,73,4.2,71,4,42,4.2,50,-0.3,63,1.7,34,-0.39,20,32,32,1.2,35,40.3,67,0.9,28,62,63,-0.17,62,-2,4
0,kelly-olynyk,65.3%,92,68.8,75,35.6%,84,32.1%,33,5,81,10.4%,17,37.5,79,7.3,89,9.5,100,8.2,95,-0.7,50,3.6,94,0.06,61,43,43,0.2,41,41.6,73,1.4,45,76,76,2,6,-0.4,36
0,kelly-oubre-jr.,53.7%,26,51.5,35,26.5%,64,37.3%,41,4.8,68,6.8%,71,28,56,2,43,0.9,14,1.6,12,-0.5,57,2.6,74,0.22,74,18,18,-0.6,47,43.7,82,1.7,55,93,93,0.79,25,-1.2,12
0,julius-randle,56.9%,48,50.8,33,36.1%,86,29.2%,27,9.2,71,10.2%,19,48.2,93,8.2,92,3.9,40,5,63,2,93,1.1,7,-0.62,8,88,88,-2.8,63,32.1,10,0.7,19,22,23,-0.06,56,-0.8,22
0,kenrich-williams,55.3%,36,40.4,19,5%,3,55%,75,2.9,82,5.6%,84,21.3,29,1.6,34,5.4,61,6.1,77,-0.4,60,2.6,74,1.07,97,66,66,3.6,22,36.7,40,0.8,24,91,91,0.73,27,1.2,84
0,kentavious-caldwell-pope,58.7%,63,73.9,84,20.9%,46,49.9%,67,2.3,12,7.1%,66,21.2,29,1.8,39,7.3,84,5,63,0.5,80,2.8,80,0.48,85,32,32,0.9,38,31.9,9,1.3,42,52,53,-0.65,81,1.3,85
0,kj-martin,57.2%,50,44.7,25,26.3%,63,16.8%,16,1.8,79,11.5%,12,19.1,18,1.2,21,1.5,19,3.3,36,-1.4,26,1.9,43,-0.19,33,36,36,2.8,26,37.3,45,1.1,36,99,99,2.35,3,-0.5,32
0,keon-johnson,59.8%,70,null,0,52.6%,98,47.4%,61,1.3,61,null%,100,,0,,1,,0,,0,-1.3,29,3.5,93,0.11,66,6,6,14.8,3,38.5,54,1.8,59,,,0.01,53,-0.5,32
0,kessler-edwards,53%,22,64.8,66,11.1%,15,61.1%,83,0.7,79,1.1%,94,18.2,16,0.5,10,6.6,80,3.2,34,-1.5,24,1.1,7,-0.35,21,79,79,14.4,4,40.7,68,1.9,63,82,82,0.51,33,0.3,63
0,kevin-durant,63%,87,83,96,32.4%,79,27.2%,24,6.7,11,8.9%,35,48.2,93,10,96,8.1,89,5.5,68,3.8,97,1.5,23,-0.76,5,93,93,-6.6,83,35.9,35,3,82,66,67,-1.08,94,0,51
0,kevin-huerter,56.4%,44,68.2,72,8.4%,8,60.9%,82,3.5,28,5.5%,85,29.3,60,3.4,63,6.6,80,5.8,73,0.7,83,2.6,74,-0.31,25,75,75,6,13,38.9,56,1.3,42,30,31,0.3,39,0.3,63
0,kevin-love,60.6%,77,70.6,78,34.1%,82,69.5%,91,6.2,40,6.3%,76,36.4,77,5.5,79,9.3,97,6.4,79,1,85,1.6,28,-0.58,9,98,98,-5.2,78,45.5,89,1.1,36,5,7,0.91,22,0.7,73
0,kevon-looney,62%,82,22.1,10,35%,84,0.5%,4,5.9,98,9.5%,26,21.1,28,1.3,25,4.4,47,7.4,90,-0.4,60,1.2,10,-1.09,2,93,93,-1.5,54,34.1,21,1.9,63,4,6,1.81,7,0.9,78
0,khris-middleton,59.2%,66,79.6,92,19.3%,42,38.5%,43,4.3,34,8.4%,43,45.5,91,8.9,93,8.3,91,7.4,90,1.7,92,2.4,65,-0.94,2,68,68,-2.6,61,37.3,45,0.9,28,38,39,0.55,32,-0.2,43
0,killian-hayes,47.4%,8,49.1,30,17.7%,36,26.1%,23,2.8,8,7%,68,34.4,74,4.1,70,3,32,9,97,-2,10,2.6,74,0.62,89,23,23,,,45.9,90,1.7,55,64,64,-0.14,60,-0.1,47
0,klay-thompson,56.5%,45,88.6,99,12.8%,20,60.6%,81,3.4,21,7%,68,34.1,73,4.1,70,6.8,83,3.2,34,0.6,81,1.3,14,-0.34,22,13,13,0.8,38,37.2,43,1.4,45,87,87,-0.75,84,-1.6,7
0,kristaps-porzingis,65.5%,93,73,83,41.5%,92,40.2%,46,7.1,41,7.5%,59,34.8,75,4.6,74,7.7,89,3,32,2,93,1.3,14,-1.45,0,92,92,-14.2,98,41.4,72,5.4,96,25,26,0.49,34,1.4,87
0,kyle-anderson,52%,17,40.9,19,33%,80,11.6%,13,3.6,20,8.6%,40,31.4,66,2.9,58,6.2,75,8.8,96,-1.7,18,3,83,0.78,93,56,56,-3,64,38.3,52,2,66,73,73,-0.3,68,2.3,96
0,kyle-kuzma,55.2%,35,57.5,50,18.7%,41,35%,38,6.5,30,8.7%,38,44.8,90,6.9,86,4.3,46,4.5,56,0,71,0.9,4,-0.67,7,51,51,-1,50,44.4,85,1.8,59,43,44,-0.41,72,-2.5,1
0,kyle-lowry,58.3%,61,73,83,18.6%,40,64.9%,87,3.4,30,9%,33,27.8,54,3.7,66,7.4,86,7.6,92,-1.4,26,2.4,65,0.85,94,34,34,,,34.2,21,1.2,38,67,67,0.28,40,1.3,85
0,kira-lewis-jr.,39.1%,2,37.7,17,20.4%,45,38.9%,43,0.8,62,7.8%,53,30.6,64,1.9,41,0.6,11,5.7,71,-1.6,21,3.2,89,-0.46,15,30,30,-1.5,54,30,5,0.6,15,20,21,-0.79,87,-0.6,29
0,kyrie-irving,60%,71,87.4,98,18%,38,36.6%,40,5.1,39,4.9%,90,49.1,94,9.5,94,7.6,88,5.7,71,4.2,98,2.6,74,0.08,63,13,13,,,33.6,18,1.2,38,72,72,-0.88,90,-0.6,29
0,lamelo-ball,56.1%,42,74.8,86,24.6%,60,46.6%,60,5.1,66,8.9%,35,64.4,99,14.9,99,5.8,68,7.4,90,2.5,94,3.2,89,0.44,83,28,28,,,40.6,68,0.5,11,60,60,1.18,16,-0.9,19
0,landry-shamet,55.6%,38,74.3,86,16.8%,32,57.3%,78,1.3,9,7.1%,66,26.8,51,2.5,52,5.7,66,3.4,39,-0.9,43,2.5,70,0.42,83,55,55,-1.2,51,36.5,40,1.1,36,72,72,0.95,21,-0.9,19
0,larry-nance-jr.,66.4%,95,49.7,31,27.1%,66,27.7%,25,5,67,11.4%,12,19.3,19,1.8,39,5.5,62,5.4,67,-0.8,46,3.2,89,1.39,99,73,73,-2,57,46,91,1.9,63,10,12,0.08,49,1.9,93
0,lauri-markkanen,63.3%,88,80.7,94,30.6%,74,49.6%,66,8.3,50,6%,80,34.8,75,4.3,71,6.7,82,2.8,29,3.4,96,1.5,23,-0.5,12,69,69,-3.3,66,41.7,74,1.3,42,80,80,-0.79,87,-0.3,39
0,lamar-stevens,53.6%,25,51.8,35,21.9%,50,15.6%,15,2.9,33,10.5%,16,27.7,54,2.2,47,0.9,14,0.9,9,-1.8,16,2.4,65,-0.14,35,52,52,-12,96,42.9,78,3.8,88,86,86,0.58,31,0.1,55
0,lebron-james,62.3%,84,61.6,58,30.2%,73,29.9%,29,7.2,54,7.7%,55,56.9,98,13.8,99,6.6,80,8.1,94,3.7,96,1.8,40,-0.15,34,89,89,-0.8,48,35.1,28,1.4,45,55,56,-1.62,99,0.4,66
0,lonnie-walker-iv,57.3%,51,70.4,77,12.9%,21,54.9%,74,2.1,3,7.7%,55,35.3,75,4.5,73,5.1,56,2.9,31,-0.1,69,2,48,-0.81,5,18,18,-2.5,60,38.2,51,1.5,49,68,68,-0.05,56,-1.3,11
0,luguentz-dort,60.3%,74,70.4,77,21%,47,60%,81,3.7,69,7.5%,59,20.1,24,1.3,25,5.6,64,2.3,20,-0.5,57,2.2,57,0.67,91,6,6,-2.6,61,28.9,3,2.1,69,88,88,0.99,19,0.2,59
0,luka-doncic,62.1%,83,65.5,68,37.7%,88,43.6%,53,9,16,7.3%,62,70.3,100,18.4,100,7.5,87,8.2,95,6,100,2.6,74,-0.5,12,33,33,1.5,33,39.1,58,1.3,42,77,77,-0.83,89,-0.4,36
0,luke-kennard,65%,91,89.4,99,15.3%,27,76%,96,2.8,3,7.6%,57,31.5,67,5.3,78,9.5,100,6.7,83,0.3,76,1.2,10,-0.48,13,28,28,8.1,8,44.7,87,0.1,3,66,67,-1.31,98,-1.4,10
0,malachi-flynn,52.3%,19,57.4,49,20.4%,45,55.2%,75,1.5,19,9.9%,22,32.2,68,4.2,71,2.4,27,6.1,77,-2,10,1.9,43,0.1,65,56,56,,,36.5,40,0.8,24,24,25,0.11,48,-0.7,25
0,malaki-branham,52%,17,67.8,72,10%,12,41.1%,48,2,38,8.8%,36,30.6,64,3.4,63,4.2,44,4.5,56,-2.2,6,0.9,4,-0.45,16,8,8,1.1,36,39.5,60,0.5,11,40,41,-0.67,82,-2.7,1
0,malcolm-brogdon,56%,41,78.6,92,23.4%,55,40.1%,46,3.8,68,5.5%,85,47,92,9.1,93,6.7,82,7.5,91,0.6,81,1.4,18,-0.81,5,75,75,,,38.6,54,0.6,15,83,83,-0.95,92,-0.7,25
0,malik-beasley,62.2%,83,75.4,88,4.8%,3,74.7%,96,3.8,20,5.5%,85,19.8,23,1.3,25,6.3,76,2.8,29,0.5,80,1.8,40,0.08,63,58,58,6.1,13,30.8,7,0.3,6,37,38,-0.37,71,0.1,55
0,malik-monk,57.4%,53,72,81,22.9%,53,48%,63,3,17,7.9%,51,49.1,94,9.7,95,5.3,59,7.4,90,1.1,86,1.8,40,0.27,76,27,27,,,36.3,38,1.9,63,38,39,0.09,49,-1.4,10
0,marcus-morris-sr.,57.3%,51,73,83,17%,33,44.8%,55,3,58,6.6%,74,21.3,29,1.2,21,6.3,76,1.9,15,-0.7,50,1.3,14,-1.14,2,79,79,5.5,14,42,74,1.5,49,83,83,0.69,28,-0.5,32
0,marcus-smart,55.2%,35,56.7,48,23.6%,57,56.5%,76,2.7,30,13.4%,5,37.3,78,5.7,80,3.1,33,4.3,52,-0.3,63,3.5,93,0.77,92,55,55,,,25.7,1,0.8,24,90,90,0.34,37,1.6,90
0,marjon-beauchamp,58.3%,61,53.3,39,18.1%,38,45.8%,57,2.1,83,11.8%,11,18.6,17,1.1,18,1.4,19,1.8,14,-1.9,13,2.1,53,0.09,64,27,27,-0.7,48,35.6,32,0.9,28,64,64,0.36,37,-1,16
0,mark-williams,67.5%,97,44.1,24,42.4%,92,null%,0,9.7,43,7.2%,63,22.2,34,1.6,34,3.6,38,2.2,19,0.4,78,2.1,53,-0.45,16,41,41,0.4,40,46.8,93,3.7,87,3,5,0.73,27,0.1,55
0,markelle-fultz,49%,12,25.4,11,11.5%,16,4.7%,9,3.4,69,8.4%,43,32.2,68,2.3,48,0.1,7,5.9,75,-1.2,32,2.8,80,0.43,83,34,34,,,30.6,6,1.4,45,39,40,-0.5,76,0.6,70
0,markieff-morris,49.3%,12,58.9,52,7.7%,6,61.5%,83,1.5,62,13.3%,5,21.8,32,1.5,31,1.4,19,2.5,24,-3.2,0,2.4,65,-0.3,26,88,88,18.7,2,42.5,76,0.5,11,21,22,-0.46,74,-1.2,12
0,marvin-bagley-iii,61.6%,81,42.3,21,33.1%,80,4.7%,9,6.2,96,9.9%,22,27.3,53,2.3,48,2.2,26,2,16,-0.5,57,1.5,23,-0.47,14,69,69,-4.9,76,38.8,55,2.5,76,6,8,0.16,45,-0.6,29
0,mason-plumlee,66.3%,94,19.9,9,71.3%,99,0.9%,6,5.3,80,10.5%,16,21.8,32,1.5,31,2.4,27,4.4,53,-1,39,2.2,57,0.11,66,93,93,-6.5,82,49.8,98,2.1,69,13,14,0.61,30,0.3,63
0,matisse-thybulle,54%,28,49,29,9.2%,9,72.7%,93,2.1,39,7.9%,51,16.4,9,0.6,11,3,32,4.3,52,-2,10,5.4,99,1.97,100,24,24,7.4,9,40.8,69,3,82,76,76,-0.58,79,1.4,87
0,max-christie,54.8%,31,56.4,48,20.3%,44,49.3%,65,2.3,63,9.9%,22,19.1,18,1.1,18,2.5,28,3.3,36,-2.5,3,1.1,7,-0.21,31,29,29,-4,70,33.4,17,1.6,53,34,35,-0.53,77,-0.2,43
0,maxi-kleber,52.1%,18,57.9,51,29.2%,71,61.9%,84,3.5,27,9.3%,29,16.1,9,0.6,11,5.9,71,5.8,73,-2,10,1.2,10,-0.31,25,81,81,-2.1,57,37.3,45,2.7,78,42,43,0.56,32,0.9,78
0,michael-porter-jr.,60.5%,76,76.9,89,9.8%,11,52.4%,70,7,33,6.2%,78,27.4,54,2.5,52,5.9,71,2.3,20,1.3,89,1.2,10,-0.19,33,64,64,-3,64,43.5,81,1.9,63,57,58,-0.68,82,-0.1,47
0,mikal-bridges,56%,41,70.5,77,26.9%,65,42.6%,50,4.8,52,7.5%,59,38.6,81,5.5,79,5.8,68,4.4,53,0.9,84,1.6,28,0.26,76,35,35,-1.4,53,38.1,50,1,33,69,69,-1.29,97,-0.5,32
0,mike-muscala,47.2%,7,64.1,64,16.8%,32,64.3%,87,2.6,21,8.3%,44,19.3,19,0.8,13,5.7,66,3.7,43,-1.4,26,1.3,14,0.01,57,85,85,-0.5,47,47.8,95,1.9,63,15,16,0.31,38,0.1,55
0,miles-mcbride,58.2%,60,76.9,89,11%,14,55.8%,76,1.1,28,4.5%,91,28.9,59,3.3,62,5.7,66,4.4,53,-1.2,32,3.3,91,-0.04,43,66,66,,,33.8,19,0.5,11,17,18,0.32,38,0.6,70
0,mitchell-robinson,56.7%,46,6.1,7,38.8%,89,null%,0,10.3,98,14.6%,2,11.6,7,0.2,8,0.3,9,0.2,7,-0.3,63,2.4,65,-0.23,31,84,84,5.7,14,44.4,85,4.1,90,1,3,-0.47,74,2,93
0,mo-bamba,56.3%,43,52.9,39,22.1%,51,29.5%,27,3.8,84,14.5%,3,20.7,27,1.6,34,4.6,50,2.5,24,-2.1,8,1.1,7,-1.4,0,94,94,-2.5,60,47.3,94,7.1,99,15,16,2.1,5,1,80
0,monte-morris,47.5%,8,65.5,68,9.4%,10,40.6%,47,1.6,25,2.5%,94,35.5,76,4.2,71,4,42,8,93,-0.2,67,2.2,57,-0.48,13,18,18,,,43,78,1,33,33,34,-2.01,100,-0.2,43
0,moritz-wagner,67%,96,61.5,58,38.6%,89,20.9%,19,4.5,25,10.7%,15,30.8,64,3.8,67,6.1,74,2.4,22,0.2,74,2.5,70,0.17,70,73,73,0.2,41,38.4,53,1.5,49,15,16,1.25,14,-0.4,36
0,moses-moody,56.5%,45,63.3,61,21.1%,48,46.9%,60,3.1,32,7.8%,53,24.3,43,1.7,37,3.5,37,1.6,12,-0.3,63,2.5,70,-0.06,41,74,74,-9.6,92,36.2,37,2.3,73,92,92,-0.21,64,0.2,59
0,moussa-diabate,57.6%,54,null,0,73.7%,100,null%,0,2.2,91,null%,100,,0,,1,,0,,0,-0.2,67,2.8,80,-0.27,28,75,75,-12.1,96,30.8,7,1.4,45,35,36,-0.57,79,-0.6,29
0,max-strus,54.4%,29,68.8,75,12.4%,18,66.3%,89,4.7,21,7.6%,57,30.1,62,3.6,65,7.4,86,6.1,77,-0.1,69,1.8,40,-0.38,20,84,84,-7.5,87,34.9,27,1.3,42,52,53,0.04,52,1.1,82
0,mike-conley,61.3%,79,79.8,93,16.6%,31,63.2%,86,2.9,64,5.3%,88,37.8,80,6.9,86,9.4,98,9.2,98,0.6,81,2.7,77,0.21,73,55,55,,,30.4,5,0.6,15,33,34,-0.8,88,0.9,78
0,naji-marshall,58.1%,59,58.7,52,26.4%,64,41.2%,48,3.6,60,9.7%,24,27.8,54,3.5,64,5.5,62,5.4,67,-0.8,46,2.6,74,0.25,75,63,63,1.2,35,34.2,21,1,33,90,90,-0.2,64,0.4,66
0,nassir-little,56.9%,48,54.3,42,18.3%,39,56.9%,77,1.9,77,8.6%,40,17.5,13,0.7,12,2.9,31,2,16,-1.9,13,0.9,4,-0.87,3,74,74,-1.2,51,38.2,51,2.1,69,63,64,0.27,40,-0.9,19
0,naz-reid,60.1%,73,62.7,60,17.4%,35,48.1%,63,5,28,9%,33,29,59,3,59,6,72,1.9,15,-0.8,46,1.9,43,0.57,87,61,61,-6.5,82,44.4,85,3.3,85,55,56,0.31,38,1,80
0,neemias-queta,62.9%,86,null,0,27.2%,66,null%,0,4.2,56,8.7%,38,19.6,22,1.2,21,2.7,30,1.9,15,-0.4,60,1.7,34,0.01,57,75,75,-8.9,90,34.3,22,4.5,92,22,23,2.84,1,-0.2,43
0,nic-claxton,63.2%,88,4.5,7,32%,78,1%,6,9.8,51,8.7%,38,23.1,37,1.6,34,1.2,17,3.8,45,-0.6,54,2,48,0.36,79,32,32,-8.1,88,44.1,84,6.4,98,14,16,0.25,41,1.5,89
0,nick-richards,71.1%,99,44.3,25,50%,96,0.3%,4,8.3,93,12.4%,7,16.1,9,1,16,0.5,10,0.6,8,-2.1,8,0.9,4,-0.04,43,75,75,-2.8,63,51.3,99,4.3,91,5,7,0.81,24,-0.1,47
0,nickeil-alexander-walker,57.4%,53,63.4,62,12.7%,20,62%,84,2.1,29,7.8%,53,25.6,47,2.9,58,6.2,75,6.4,79,-1.2,32,3.1,86,0.33,78,22,22,-2.7,62,34.5,24,2,66,27,28,-0.08,57,0.9,78
0,nicolas-batum,60.6%,77,68.5,74,9.8%,11,71%,92,4.1,64,7.9%,51,16.5,10,0.9,14,8.2,90,7.2,87,-0.8,46,2.8,80,0.65,90,19,19,-2,57,38.8,55,2.6,77,94,94,0.08,49,0.5,69
0,nikola-jokic,64.9%,91,64.6,65,31.1%,76,16.5%,15,12.2,86,6.7%,72,62.5,99,15.1,99,9.4,98,8.9,96,5.4,100,3.1,86,-0.35,21,100,100,-0.2,45,42.5,76,2.3,73,4,6,-0.24,66,2.5,97
0,moses-brown,44.5%,4,null,0,20.6%,45,null%,0,3.9,99,13.5%,4,19.3,19,0.7,12,0.4,9,0.4,7,-1.8,16,0.9,4,-1.14,2,87,87,-5.9,80,37.3,45,3.1,83,,,2.15,5,0.2,59
0,myles-turner,62.3%,84,57.8,50,35.2%,84,34.1%,37,7,30,8.4%,43,29.6,61,2.9,58,5.6,64,1.7,13,0.8,83,2,48,0.28,77,47,47,-3.2,65,50.7,99,5.2,95,2,4,1.27,14,1.1,82
0,nikola-vucevic,53.5%,25,51.1,34,10%,12,25.7%,23,10.6,26,6.7%,72,35.8,76,4.1,70,4,42,4.4,53,-0.3,63,2,48,-0.9,3,97,97,-1.5,54,43.1,78,2.3,73,5,7,-0.12,59,-0.3,39
0,norman-powell,62.9%,86,78.1,91,22%,50,50.5%,68,2.6,3,6.5%,75,26.2,50,2.3,48,5.5,62,1.7,13,0.4,78,1.7,34,-0.14,35,12,12,0.6,39,35.9,35,1.1,36,61,62,-0.23,66,-1.4,10
0,og-anunoby,60%,71,60.5,56,16.9%,33,47.2%,61,4.3,62,9.1%,32,25.2,45,2.5,52,5.9,71,2.9,31,0.2,74,2.8,80,1.3,99,18,18,-5.3,79,36.1,37,1.9,63,95,95,-0.36,70,2,93
0,nikola-jovic,56.2%,43,53.4,40,20.6%,45,53.8%,72,4.1,39,10%,21,27,52,3.3,62,7.6,88,5.7,71,-1.1,35,1.9,43,0.42,83,31,31,1.2,35,41.1,70,1.9,63,90,90,0.95,21,1.1,82
0,obi-toppin,66.3%,94,59.4,53,17.9%,37,42.7%,51,3.9,41,7.4%,61,24.3,43,2.6,54,5.8,68,3.8,45,0.5,80,1.6,28,0.06,61,61,61,-4.5,73,37.3,45,1.9,63,28,29,0.11,48,-0.8,22
0,ochai-agbaji,50.3%,14,40.8,19,9.4%,10,52.3%,70,2.5,70,10.2%,19,17.6,14,0.6,11,0.3,9,1.8,14,-1.7,18,1.6,28,-0.6,9,47,47,-9,91,35.7,33,2.3,73,76,76,-0.21,64,-1,16
0,omer-yurtseven,57.2%,50,36.5,16,16.8%,32,16.8%,16,3.6,91,18%,0,20.6,26,1.4,28,0.9,14,0.3,7,-1.9,13,1.4,18,-0.09,39,76,76,1.5,33,45.2,88,4.5,92,14,16,1.7,9,0.2,59
0,onyeka-okongwu,67.6%,97,27,12,32.4%,79,19%,17,6.9,83,8.2%,46,19.5,21,1.5,31,2.9,31,3,32,0,71,1.8,40,0.09,64,70,70,-3.6,68,41.2,71,3.8,88,17,18,1.29,13,0.1,55
0,oshae-brissett,53.1%,22,51.9,36,52%,97,39.2%,43,2.9,89,6.1%,79,21.4,30,1.3,25,4.2,44,4.4,53,-0.7,50,2.4,65,0.19,73,47,47,-4.2,71,37.3,45,0.7,19,93,93,0.41,36,0,51
0,otto-porter-jr.,56.8%,46,69.2,76,9.1%,9,69.7%,91,1.9,67,4.5%,91,13.4,7,0,0,5.8,68,4.5,56,-0.6,54,3.3,91,0.72,91,62,62,-13.5,97,36.1,37,2.5,76,78,78,1.12,17,0.3,63
0,ousmane-dieng,54.5%,30,55.1,46,15.5%,28,64.1%,87,1.6,69,9%,33,25.7,48,2.5,52,4.3,46,5.3,65,-0.9,43,0.6,1,0.25,75,20,20,1.7,31,36.7,40,0.8,24,78,78,-0.79,87,-0.6,29
0,p.j.-tucker,49.6%,13,60.2,55,8.6%,8,74.3%,95,2.9,43,14.2%,3,7.1,6,-0.9,0,3.2,34,2.5,24,-2.1,8,2.3,61,0.23,74,67,67,-2.7,62,32.4,12,1.9,63,18,19,1.53,10,0.6,70
0,p.j.-washington,53.3%,23,53.2,39,18.4%,39,49.6%,66,5.4,60,8.5%,41,26.9,52,2.3,48,3.7,39,2.8,29,-0.5,57,2.4,65,0.49,85,40,40,0.4,40,42.2,75,2.3,73,65,66,0.04,52,-0.4,36
0,paolo-banchero,55.3%,36,50.2,32,40.5%,91,23.8%,21,6.8,48,9.1%,32,48.6,94,8.8,92,4.3,46,5.7,71,0.3,76,1.5,23,0.61,88,41,41,-3.8,68,43.7,82,1.5,49,33,34,-0.75,84,-0.5,32
0,pascal-siakam,60%,71,51,34,31.1%,76,20.9%,19,6.8,43,6.3%,76,41.2,85,6.5,84,5.3,59,5.9,75,2,93,1.7,34,-0.11,37,89,89,1.2,35,39.3,59,0.8,24,50,51,-0.26,67,-0.1,47
0,pat-connaughton,60.6%,77,64.7,66,16.7%,31,70%,92,3.2,55,7.1%,66,18.3,16,1.3,25,6.4,78,6.5,81,-0.8,46,1.5,23,-0.23,31,59,59,0.9,38,34.7,26,1,33,68,68,-0.87,90,-0.4,36
0,patrick-baldwin-jr.,46.5%,6,52.3,37,17.3%,34,60%,81,2.5,37,9%,33,22.2,34,1.2,21,2.6,29,3,32,-2.2,6,1.7,34,-0.05,42,56,56,-4.2,71,41.1,70,2.1,69,44,45,1.01,18,0,51
0,patrick-beverley,53%,22,63.3,61,23.5%,56,47.4%,61,3.1,71,8.3%,44,29,59,3.4,63,5.2,58,7.2,87,-1.9,13,2.4,65,0.55,87,35,35,,,40,66,1.9,63,61,62,0.57,31,0,51
0,patrick-williams,55.3%,36,65.9,68,18.4%,39,41.2%,48,3.9,47,10.6%,16,22.6,36,1.7,37,3,32,2.3,20,-1,39,2.3,61,-0.6,9,69,69,1.2,35,35.8,34,2.9,81,39,40,-0.15,60,-0.2,43
0,patty-mills,45.1%,4,72,81,1.2%,1,67.1%,89,1.2,15,10.1%,19,21.8,32,1.3,25,3.8,40,3.4,39,-1.7,18,2,48,-0.04,43,8,8,11.6,5,30.5,5,0.3,6,19,20,0.14,46,-0.4,36
0,paul-george,60.1%,73,82.7,96,22.3%,51,48.7%,64,5.3,4,7.4%,61,40.8,84,6.6,84,8.5,93,4.5,56,2.7,95,3,83,1.03,97,73,73,-4.3,72,39.9,64,1.2,38,89,89,0.14,46,1.5,89
0,paul-reed,58%,58,52.4,37,16.3%,30,12.8%,14,5.8,98,8.2%,46,23.1,37,1.8,39,4,42,3.7,43,-0.4,60,3.4,92,0.94,95,66,66,-0.9,49,47.3,94,4.6,93,17,18,1.75,8,1.4,87
0,payton-pritchard,57.9%,57,85.2,97,8.8%,9,64.9%,87,3.2,34,5.3%,88,31.8,67,4.4,72,9.2,96,7,86,1.1,86,1.5,23,-0.47,14,40,40,4.8,17,36,36,0.4,8,41,42,-0.72,83,0.1,55
0,peyton-watson,54.8%,31,34.7,14,23.5%,56,36.6%,40,2.9,59,8.8%,36,22.7,36,1.6,34,0.8,13,2.4,22,-2.3,5,2,48,0.01,57,60,60,-13.7,97,41.3,71,4.5,92,99,99,0.51,33,0.2,59
0,precious-achiuwa,54.6%,30,22.1,10,23.3%,55,21.4%,19,6.7,95,11.3%,13,22.9,37,1.7,37,1.6,20,2.7,27,-1.1,35,2.2,57,-0.41,19,71,71,-4.2,71,45,88,3.8,88,21,22,0.22,42,0.7,73
0,quentin-grimes,51.6%,16,63.9,63,13.7%,22,73.2%,94,2,52,5.9%,81,23.7,40,1.6,34,4.2,44,3.5,40,-1.3,29,2.1,53,-0.08,39,74,74,6.4,12,36,36,0.6,15,42,43,-0.18,62,-0.4,36
0,reggie-jackson,52.4%,20,67.1,71,10.8%,13,37.1%,41,1.9,8,6.9%,70,40.6,84,6.4,83,4,42,6.8,84,-1.4,26,1.7,34,0.07,62,23,23,,,33.6,18,0.6,15,62,63,0.04,52,-1.4,10
0,richaun-holmes,59.4%,67,45.1,26,30.1%,73,1.8%,7,3.6,55,10%,21,18.9,18,1.1,18,3,32,2.2,19,-1.4,26,1.9,43,-0.34,22,47,47,4.8,17,38.2,51,2.8,80,7,9,2.23,4,0.3,63
0,robert-williams-iii,68.4%,97,null,0,34.6%,83,null%,0,6.3,97,17.2%,1,16.9,11,1.1,18,0.7,12,0.7,8,-0.2,67,3.3,91,-0.06,41,72,72,6.7,12,37,41,5.3,95,43,44,2.33,3,1.4,87
0,robin-lopez,45.3%,4,null,0,10.5%,13,42.1%,50,0.3,80,null%,100,,0,,1,,0,,0,-0.6,54,1.7,34,-0.7,6,65,65,-4.9,76,27.7,2,3.9,89,13,14,1.06,17,0,51
0,royce-oneale,53.5%,25,64,64,6.9%,5,79.4%,98,4.8,20,7%,68,25.7,48,2.6,54,7.4,86,6.9,85,-0.9,43,2.4,65,-0.61,8,28,28,-1.9,56,39.7,62,2,66,81,81,0.49,34,1,80
0,rudy-gobert,66.7%,95,24.9,11,61.6%,99,0.6%,5,12.9,91,11.6%,11,18.9,18,1.3,25,1.4,19,1.1,10,-0.3,63,1.7,34,-0.84,4,85,85,-15,98,41.5,73,5.6,96,6,8,0.47,35,4.3,100
0,rui-hachimura,61.7%,81,62.5,60,19.7%,43,33.8%,36,3.7,13,5.4%,86,24,41,1.8,39,5.1,56,2.1,17,-0.4,60,1.8,40,-0.44,17,76,76,-4.8,75,39.5,60,1,33,75,75,-0.76,84,-0.5,32
0,russell-westbrook,51.1%,15,46.4,26,23.4%,55,24.3%,22,5.1,34,9.7%,24,45.4,91,6.9,86,2.7,30,6.7,83,0.1,73,2.9,81,0.12,66,22,22,-5.4,79,32.3,11,1.4,45,96,96,0.01,53,-1.1,14
0,saddiq-bey,54.9%,33,71.1,79,29.1%,71,51.4%,69,6.5,39,5.7%,84,22.8,36,1.4,28,4.6,50,2.2,19,1.2,88,1.6,28,-0.29,27,43,43,4.3,19,36,36,0.5,11,37,38,-1.28,97,-2.2,3
0,sam-hauser,65.2%,92,88.2,98,4.1%,2,86.4%,99,3.4,44,5.1%,89,19.5,21,1.3,25,8.3,91,2.8,29,0.7,83,1.6,28,-0.71,6,41,41,-7.4,86,40.9,70,1.3,42,74,74,-0.65,81,0.3,63
0,reggie-bullock-jr.,57.3%,51,74.2,85,1.7%,1,79.3%,97,1.5,5,9.9%,22,14.1,7,0.2,8,5.1,56,2.5,24,-0.8,46,1.3,14,0.08,63,46,46,7.1,11,41.9,74,0.7,19,57,58,-0.81,89,-0.2,43
0,rj-barrett,57.6%,54,55.1,46,32.2%,78,29.6%,28,5.3,77,7.9%,51,39.2,82,5.7,80,2.4,27,4.1,48,0.1,73,1.6,28,-0.86,3,27,27,-3,64,38.1,50,1.1,36,34,35,-0.37,71,-1.5,8
0,robert-covington,58%,58,68.4,73,26.5%,64,57.1%,78,3.3,45,7.1%,66,15.6,8,0.5,10,8.4,92,3.8,45,-1.4,26,6.5,100,0.79,93,77,77,-3.9,69,38.4,53,3.4,86,100,100,1.32,12,2.4,97
0,santi-aldama,53.2%,23,36.3,16,15.4%,28,52.2%,69,5.6,66,7.8%,53,28,56,2.8,57,4.1,43,4.4,53,-1.1,35,1.7,34,0.37,80,48,48,-9,91,42.5,76,2.8,80,83,83,-0.76,84,-0.2,43
0,scottie-barnes,56.6%,45,52.5,38,26.6%,65,31.4%,32,8.2,89,8.5%,41,44.5,89,7.8,90,7.5,87,6.9,85,0.9,84,2.3,61,0.48,85,22,22,-0.7,48,43.8,83,3.7,87,99,99,-0.79,87,0.3,63
0,seth-curry,51.9%,17,81.8,95,15.2%,27,52.9%,72,1.5,19,6.6%,74,24.3,43,1.8,39,6.1,74,3.6,41,-1.3,29,2.5,70,-0.42,18,34,34,17.6,3,36.4,39,0.9,28,54,55,-0.54,78,0,51
0,shaedon-sharpe,52.4%,20,57.5,50,27.4%,67,41.5%,49,5,33,10.3%,18,33,71,3.8,67,2.1,25,3.2,34,-1.5,24,1.9,43,0.01,57,79,79,5.1,16,43.8,83,1,33,46,47,0.18,44,-1.6,7
0,shai-gilgeous-alexander,64.4%,90,68.7,74,44.1%,94,17.6%,17,5.7,27,5.1%,89,58.3,98,12.9,98,5.4,61,6.5,81,4.6,99,3.7,95,-0.26,28,32,32,,,39.7,62,2.5,76,94,94,-0.17,62,1.2,84
0,shake-milton,49.4%,13,62.5,60,26.1%,63,33.5%,36,1.6,44,9.3%,29,28.9,59,2.7,55,3.6,38,4.5,56,-2.1,8,1.5,23,0.13,67,33,33,1.3,34,35.8,34,0.9,28,54,55,0.28,40,-0.4,36
0,sandro-mamukelashvili,52.7%,21,34.9,15,22.4%,52,46.1%,59,1.8,82,5.3%,88,30.3,62,3,59,6.2,75,7.4,90,-1.1,35,2.6,74,-0.05,42,45,45,4.8,17,42.4,76,2.8,80,35,36,0.86,23,0.4,66
0,spencer-dinwiddie,52.6%,20,60,55,30.7%,75,56.2%,76,2.8,16,5.5%,85,36.1,77,4.9,76,6.1,74,8.3,95,0.5,80,1.3,14,-0.7,6,24,24,6.2,13,30.6,6,0.6,15,92,92,-0.61,80,-0.9,19
0,stephen-curry,61.7%,81,100,100,23.8%,57,60.9%,82,4.4,31,8.2%,46,52.4,96,10.9,97,7.4,86,4.7,59,4.5,99,1.8,40,0.95,96,16,16,,,32.2,10,0.9,28,51,52,-1,92,-1.6,7
0,svi-mykhailiuk,48.6%,10,64.3,64,6.7%,5,82%,98,1.1,41,6.7%,72,25.2,45,1.8,39,4.3,46,3.7,43,-1.3,29,2.1,53,0.35,79,52,52,-6.4,82,31.6,9,,,53,54,-1.11,95,-0.6,29
0,t.j.-mcconnell,57.7%,55,53.9,41,12.5%,19,6.6%,11,2.7,26,7.4%,61,51.5,96,8.2,92,4.4,47,9.4,98,0.4,78,3.9,95,1.22,98,26,26,,,38.7,55,0.5,11,18,19,-0.66,82,0,51
0,talen-horton-tucker,50.1%,14,56.3,48,24.7%,60,38.5%,43,2.4,22,7%,68,44.6,89,7,87,3.5,37,7.3,88,0,71,3.1,86,0.25,75,70,70,,,32.8,15,1.6,53,99,99,0.41,36,-0.5,32
0,tari-eason,52.8%,21,42.6,21,17.5%,35,26.5%,24,7,95,7.5%,59,26.8,51,2.1,45,1.4,19,2.5,24,-0.8,46,4.4,97,0.15,69,95,95,-7.1,86,32.2,10,3.7,87,54,55,1.01,18,1.1,82
0,taurean-prince,57.4%,53,69,75,11.1%,15,64.1%,87,3,6,8%,48,18.8,17,1.1,18,6.7,82,3.4,39,-1.2,32,2.1,53,0.16,70,15,15,-4.1,70,35.6,32,1.5,49,89,89,-0.26,67,-0.9,19
0,terance-mann,58.8%,64,63.5,62,18.1%,38,43.5%,53,3.4,72,5.9%,81,20.3,25,1.4,28,5.4,61,4.4,53,-0.4,60,1.4,18,0.05,60,7,7,-2.5,60,35,28,0.8,24,68,68,-0.17,62,-0.6,29
0,terry-rozier,54.8%,31,71.6,80,21.5%,48,39.6%,44,4.2,35,5.7%,84,47.6,93,8.1,91,4.6,50,6.8,84,0.4,78,1.6,28,-0.55,10,39,39,,,35.2,29,1,33,29,30,-1.01,93,-1.7,6
0,terry-taylor,54.8%,31,null,0,8.1%,7,24.3%,22,1.3,95,12.5%,7,16,9,0.6,11,2.1,25,2.9,31,-1.4,26,2.1,53,0.04,60,80,80,-3.1,65,28.6,2,1.2,38,60,60,0.49,34,-0.4,36
0,thaddeus-young,60.9%,79,null,0,14.9%,26,6.4%,10,3.3,90,5.9%,81,25.4,46,1.9,41,5.7,66,8,93,-1.1,35,3.5,93,0.89,95,56,56,5.5,14,39.9,64,0.7,19,11,12,1.14,17,0.1,55
0,thanasis-antetokounmpo,48.4%,10,null,0,7.7%,6,3.8%,8,0.4,79,23.2%,0,18.5,16,1,16,2.5,28,3.6,41,-3.2,0,3.2,89,0.38,80,14,14,-16.8,98,26.8,2,2.5,76,70,70,3.14,1,0,51
0,theo-maledon,38.5%,1,56,47,21.4%,48,42.9%,51,1.4,10,13.6%,4,30.8,64,2.5,52,0.4,9,4.7,59,-1.1,35,1.7,34,-0.48,13,52,52,,,38.4,53,,,32,33,0.73,27,-0.4,36
0,thomas-bryant,60.4%,75,55.4,47,30.1%,73,9.7%,12,3.1,28,9.4%,27,23.3,38,1.6,34,4.2,44,2.5,24,-1.1,35,0.9,4,-0.36,21,35,35,1.3,34,57,100,2.9,81,9,10,0.55,32,-0.1,47
0,tim-hardaway-jr.,55.1%,34,73.5,84,18.4%,39,61%,83,3.4,4,5.1%,89,31.7,67,3,59,5.4,61,2.8,29,0.5,80,1.1,7,-0.41,19,71,71,1.8,31,34.8,26,0.2,4,87,87,-0.97,92,-1.9,5
0,tobias-harris,57.8%,56,69.2,76,23%,54,26.4%,23,6.2,30,5.9%,81,32.4,70,3.9,68,5.8,68,4.7,59,1.1,86,1.6,28,-0.33,24,88,88,-1.1,50,39.3,59,1.5,49,77,77,-1.08,94,0.2,59
0,torrey-craig,55.7%,38,55.1,46,15.5%,28,62.5%,85,4.4,83,8.2%,46,18.2,16,0.9,14,4.6,50,3.4,39,-1.3,29,2.3,61,-0.57,10,40,40,1.5,33,36.1,37,2.1,69,44,45,0.96,21,-0.8,22
0,trae-young,58.1%,59,77.8,90,40.3%,90,46.4%,60,2.7,27,8.4%,43,66.5,100,16.7,100,6.3,76,8.4,95,3.5,96,2.4,65,0.09,64,1,1,,,39.7,62,0.5,11,24,25,-0.77,86,-2.6,1
0,tre-jones,59.5%,67,53.2,39,22.2%,51,31%,31,3.4,24,7%,68,37.3,78,5.8,81,6,72,9.4,98,0.4,78,3,83,0.17,70,29,29,,,33.7,18,0.3,6,11,12,-1.19,96,0.2,59
0,tre-mann,55.7%,38,66.3,69,18%,38,40.4%,46,3.6,62,7.9%,51,34.2,73,5.2,77,4.9,53,6.9,85,-1.6,21,3.2,89,0.18,71,23,23,,,40.5,67,,,37,38,-0.81,89,0.7,73
0,trendon-watford,61.3%,79,57.2,49,28.2%,69,20.4%,18,2.6,51,9.7%,24,32,68,4.4,72,5.7,66,4.4,53,-0.6,54,2,48,0.03,59,40,40,-0.3,45,34.9,27,2.2,71,86,86,1.92,7,-0.4,36
0,trent-forrest,43.1%,3,null,0,20.9%,46,10.4%,13,1.3,68,6.5%,75,29.3,60,2.2,47,5.3,59,10,100,-2.2,6,2.1,53,-0.52,11,76,76,,,35.4,31,0.5,11,32,33,-0.17,62,-0.4,36
0,trey-lyles,60.2%,74,58,51,24%,58,68.7%,90,4.4,31,7.5%,59,20.1,24,1.4,28,6.2,75,3.4,39,-0.2,67,1.4,18,-0.31,25,83,83,-0.5,47,43.3,79,1.3,42,57,58,0.05,51,0.3,63
0,trey-murphy-iii,60.8%,78,78.3,91,20.9%,46,72.5%,93,4.2,39,2.8%,93,29.1,60,3.1,60,8.2,90,4.2,50,1.2,88,2.1,53,0.01,57,30,30,1.6,32,35.1,28,1.8,59,65,66,-1.22,96,0.7,73
0,troy-brown-jr.,58.2%,60,62.3,59,16.6%,31,69%,90,2,69,8.3%,44,24.1,42,2.3,48,5.9,71,4.7,59,-0.8,46,1.9,43,-0.85,3,75,75,1.2,35,40.9,70,0.4,8,57,58,-0.6,80,-0.9,19
0,tyler-herro,54.9%,33,80,93,12.2%,18,45.2%,56,5.3,20,7.1%,66,44.9,90,7.5,89,5.9,71,5.3,65,0.7,83,1.4,18,0.19,73,20,20,,,35.7,33,0.2,4,40,41,-1.3,97,-0.6,29
0,tyrese-haliburton,60.2%,74,78.5,92,21.7%,49,50%,67,3.9,22,5.4%,86,64.6,100,15.6,100,8.4,92,10,100,4.4,98,2.3,61,-0.1,38,9,9,,,43.9,84,1.7,55,35,36,-1.66,100,-1.6,7
0,tyrese-maxey,57.6%,54,77.4,90,27.8%,68,40.3%,46,3.8,11,4.5%,91,51,95,9.6,95,5.5,62,6.4,79,3.1,96,1.5,23,-0.68,7,29,29,,,34.4,23,1.2,38,45,46,-0.74,83,-1.6,7
0,tyus-jones,57.8%,56,68.4,73,6%,4,38.4%,42,2.7,6,3.8%,92,42.6,87,7.8,90,6,72,9.9,99,0.3,76,2.4,65,0.41,82,26,26,,,39.1,58,0.8,24,19,20,-1.92,100,-1.8,5
0,udoka-azubuike,65.2%,92,null,0,50%,96,null%,0,2.3,35,null%,100,,0,,1,,0,,0,-2.4,4,1.7,34,-0.28,27,79,79,-6.7,83,35.4,31,5,94,3,5,2.9,1,-0.2,43
0,vince-williams-jr.,59.7%,69,64.1,64,34.3%,82,55.1%,75,5.6,49,11.1%,14,28.1,56,3.8,67,6.7,82,5.9,75,-1.1,35,3,83,0.18,71,35,35,-5.1,78,43.2,79,2.2,71,80,80,0.57,31,1,80
0,walker-kessler,65.1%,92,18.6,9,27%,66,6%,10,7.7,91,12%,10,16.7,10,0.9,14,1,15,1.3,11,-0.8,46,1.1,7,-0.49,13,67,67,-11.9,96,45.9,90,9.7,100,18,19,0.36,37,1.5,89
0,wendell-carter-jr.,63.8%,88,52.1,36,33.7%,81,38%,42,6.9,73,9.3%,29,24.7,44,2.6,54,6.3,76,3.3,36,-0.5,57,1.3,14,-0.3,26,84,84,-4.8,75,39,57,1.9,63,5,7,0.36,37,1.4,87
0,wendell-moore-jr.,50%,13,null,0,null%,0,40%,45,0.4,23,null%,100,,0,,1,,0,,0,-1.6,21,6.5,100,-0.09,39,42,42,18.8,2,30.8,7,1.8,59,93,93,0.06,50,0.6,70
0,wesley-matthews,52.9%,21,67.9,72,33.8%,81,75.4%,96,1.3,46,5.4%,86,16.8,11,0.5,10,3.4,36,4.4,53,-2.4,4,3.4,92,0.13,67,56,56,,,37,41,2.3,73,83,83,0.78,26,-0.2,43
0,yuta-watanabe,47.4%,8,32.7,14,14.7%,25,73.3%,95,1.6,54,12.6%,6,15.9,8,0.2,8,0.1,7,0.4,7,-2.1,8,1.4,18,0.52,86,54,54,-2.2,58,45.1,88,1.3,42,56,57,0.21,43,-0.7,25
0,zach-collins,56.2%,43,50.8,33,26.1%,63,30.5%,30,5.3,53,12.1%,9,34.8,75,4.8,75,3.3,35,4.8,61,-2,10,1.6,28,-0.26,28,44,44,-2.6,61,45.5,89,2.7,78,8,9,2.04,6,-0.6,29
0,zach-lavine,57.8%,56,73.9,84,27.4%,67,44.9%,55,5.2,1,7.9%,51,37.9,80,5.5,79,5.1,56,4.7,59,0.6,81,1.7,34,-0.49,13,64,64,,,32.1,10,0.9,28,51,52,-0.46,74,-0.9,19
0,zeke-nnaji,52.2%,19,51.8,35,43.4%,93,15.4%,14,2.1,44,12.2%,9,21.4,30,1.3,25,1.6,20,2.5,24,-2.8,1,2.2,57,0.14,68,75,75,-18.1,99,48.2,97,6,97,49,50,2.22,4,0.1,55
0,ziaire-williams,51.1%,15,59.7,54,19.8%,43,50%,67,3.5,71,11.4%,12,27.2,53,2.4,50,2.2,26,2.6,26,-2,10,2.7,77,-0.51,12,71,71,-1.4,53,39.5,60,0.8,24,56,57,0.13,47,-0.5,32
0,xavier-tillman,46%,5,28.2,13,19.7%,43,26.9%,24,4.4,45,7.9%,51,22.7,36,1.3,25,0.7,12,4.4,53,-1.8,16,3.2,89,1.64,100,40,40,-11.6,95,46,91,4.5,92,20,21,0.1,48,2.1,94
0,miles-bridges,55.2%,35,66.4,70,17.3%,34,36.8%,40,7.6,24,7.2%,63,36.1,77,4.5,73,5.6,64,3.7,43,-1,39,1.5,23,0.08,63,30,30,1.2,35,36.4,39,1.2,38,34,35,-1.08,94,-1.4,10
0,keon-ellis,60.7%,78,53.5,40,15.1%,26,74.6%,95,1.6,47,9.3%,29,20.5,26,1.8,39,5.3,59,5.9,75,-1.1,35,3.7,95,0.08,63,36,36,-0.2,45,41.2,71,3.3,85,19,20,1.39,11,1.6,90
0,sam-merrill,60.6%,77,91.2,100,6.3%,4,88.7%,100,2,64,3%,93,30.5,63,3.9,68,9.1,95,5.8,73,0.1,73,1.4,18,-0.03,44,50,50,,,36,36,0.4,8,39,40,-0.41,72,-0.5,32
0,jacob-gilyard,59.7%,69,74.6,86,1.4%,1,83.3%,99,1.2,42,7%,68,31.4,66,4.8,75,9.2,96,9.6,99,-0.6,54,4,96,,50,38,38,,,39.1,58,0.7,19,42,43,-0.89,90,0.1,55
0,julian-strawther,48.8%,11,44.7,25,12.5%,19,62.5%,85,1.3,40,5.6%,84,30.4,63,2.7,55,1.9,23,4.3,52,-1.7,18,2.4,65,,50,43,43,-6.1,81,37.3,45,1.2,38,63,64,0.73,27,-0.8,22
0,zion-williamson,61.8%,82,41.3,20,44.1%,94,1.6%,7,5.8,83,8.6%,40,46.7,92,5.3,78,2,24,5.9,75,1.6,91,2.1,53,0.46,84,65,65,-2,57,35.1,28,2,66,24,25,-0.22,65,-1,16
0,duop-reath,59%,65,57.6,50,20.3%,44,50.1%,68,3.6,60,7.8%,53,28,56,2.7,55,5.1,56,2.4,22,-0.2,67,1.8,40,,50,52,52,0.5,39,47.3,94,2.7,78,20,21,2.24,4,-0.4,36
0,amen-thompson,56.7%,46,11.6,8,32.4%,79,16.5%,15,5.8,61,11.6%,11,29.2,60,2.8,57,1.2,17,4.7,59,-0.5,57,4.1,96,,50,58,58,-9,91,37.1,42,3,82,80,80,1.34,12,1.3,85
0,andre-jackson-jr.,62.3%,84,52.4,37,12.4%,18,44.9%,55,2,60,12.3%,8,17.1,12,1.2,21,5.8,68,6.1,77,-1.7,18,2.3,61,,50,48,48,4.3,19,37.9,49,0.7,19,75,75,2.96,1,0,51
0,anthony-black,55.7%,38,43.6,23,33.5%,81,37.8%,42,2.2,50,12.1%,9,19.9,23,1.5,31,0.6,11,4,47,-2.4,4,2.4,65,,50,45,45,,,35.5,32,1.6,53,30,31,0.71,27,0.9,78
0,anthony-gill,54.1%,28,42.3,21,32.8%,80,26.9%,24,1.2,81,14.9%,2,24.8,44,2.1,45,1.3,18,2.6,26,-1.3,29,1.2,10,0.58,87,45,45,-4,70,30.5,5,2.7,78,96,96,-0.11,59,0.4,66
0,craig-porter-jr.,56.3%,43,47.3,27,24.1%,58,14.6%,14,2.3,53,8.7%,38,40.1,83,6.4,83,1.2,17,7.1,86,-0.6,54,2.3,61,,50,53,53,,,39.1,58,1.8,59,27,28,-0.48,75,0.1,55
0,ausar-thompson,52.2%,19,0,0,24.8%,61,23.5%,21,6.4,60,10.6%,16,23.6,40,1.6,34,0.3,9,3.3,36,-1.6,21,3,83,,50,58,58,-4.1,70,39.5,60,3.2,84,83,83,1.16,16,1.4,87
0,ben-sheppard,55%,34,58.4,51,13.3%,21,69%,90,1.5,44,3.6%,92,19.6,22,1,16,3.8,40,4.1,48,-1.4,26,2.3,61,,50,46,46,2.2,29,38.5,54,0.3,6,29,30,1.28,13,0,51
0,bilal-coulibaly,54.3%,29,43.8,24,30.3%,74,42.8%,51,4.1,51,12.3%,8,19.5,21,1.2,21,1.2,17,2.8,29,-2.1,8,2.3,61,,50,49,49,-1.5,54,44.1,84,2.3,73,87,87,0.06,50,0,51
0,brandin-podziemski,53.3%,23,43.3,23,14.8%,25,39.8%,45,5.7,57,7.4%,61,30.9,65,4,69,2.8,31,7.3,88,-0.2,67,2.3,61,,50,55,55,,,34.4,23,0.7,19,77,77,-0.52,77,0.4,66
0,brandon-miller,54.1%,28,65.8,68,14.9%,26,43.8%,53,4.2,49,8.3%,44,32.7,70,3.6,65,4.1,43,3.1,33,-0.8,46,2,48,,50,47,47,-0.5,47,45.6,90,1.6,53,61,62,0.07,50,-0.8,22
0,brice-sensabaugh,52.3%,19,50.9,34,14.6%,25,48.3%,64,2.3,49,14.1%,3,25.5,47,2.2,47,1.7,21,2.7,27,-1.8,16,1,5,,50,51,51,-1.2,51,33.3,16,,,,,-0.22,65,-0.9,19
0,cam-whitmore,56.8%,46,50.6,33,24%,58,46.2%,59,3.9,55,7.9%,51,33,71,2.6,54,1.1,16,0.6,8,0.4,78,2.9,81,,50,56,56,-0.8,48,33.5,17,1.5,49,95,95,-0.21,64,-1.3,11
0,colby-jones,38.8%,1,null,0,10.4%,13,27.1%,24,1.4,60,6.9%,70,27.5,54,1.3,25,0.5,10,4.1,48,-2.5,3,3.1,86,,50,52,52,16.7,3,34.3,22,0.7,19,65,66,1.76,7,-0.3,39
0,dante-exum,64.8%,91,72.4,82,25.6%,62,31.4%,32,2.6,56,6.5%,75,32.5,70,5.7,80,9,94,7.6,92,0,71,2,48,0.76,92,69,69,5.4,15,38.8,55,0.5,11,68,68,0.09,49,-0.1,47
0,dereck-lively-ii,73.5%,100,21.8,10,27.2%,66,0.7%,5,7,63,11.9%,10,16.8,11,1.1,18,1.9,23,2.3,20,-0.5,57,1.8,40,,50,58,58,-4.6,74,39.1,58,5.3,95,11,12,1.35,11,0.8,75
0,dereon-seabron,44.8%,4,null,0,46.2%,95,15.4%,14,1.2,54,null%,100,,0,,1,,0,,0,-2,10,1.3,14,-0.13,36,52,52,-26.6,100,24,1,1.8,59,17,18,-0.2,64,-0.2,43
0,cason-wallace,62.9%,86,71.3,79,8.3%,8,54.7%,74,2.2,51,6.2%,78,19.5,21,1.5,31,5.6,64,4.2,50,-0.9,43,3.3,91,,50,40,40,,,35.1,28,2,66,44,45,-0.01,54,0.4,66
0,charles-bassey,73.9%,100,null,0,15%,26,2.5%,8,4,91,17.9%,1,19.5,21,1.5,31,6.7,82,4.9,62,-1.4,26,3.3,91,-0.06,41,92,92,-7.1,86,43.2,79,6.9,98,1,3,2.63,2,1.6,90
0,cole-swider,48.3%,10,null,0,8%,7,76%,96,0.4,40,null%,100,,0,,1,,0,,0,-1.8,16,1.3,14,0.01,57,52,52,-4.3,72,40.7,68,1.8,59,26,27,-1.51,99,-1.5,8
0,dominick-barlow,55.9%,40,41.4,21,38.5%,89,8.7%,12,3.6,69,3.8%,92,23.4,38,1.6,34,3.4,36,5.7,71,-1.2,32,2.1,53,-0.18,33,67,67,1.5,33,49.6,98,3.1,83,16,17,1.52,10,0.4,66
0,emoni-bates,37%,1,55,44,12.5%,19,75%,96,1,42,null%,100,,0,,1,,0,,0,-1.9,13,2,48,,50,48,48,20.8,1,37.9,49,2,66,31,32,-0.77,86,-0.3,39
0,jett-howard,46.4%,6,null,0,17.4%,35,78.3%,97,0.4,46,null%,100,,0,,1,,0,,0,-1.6,21,1.4,18,,50,41,41,26.5,0,38.9,56,1.8,59,39,40,-0.74,83,-0.4,36
0,jordan-hawkins,54%,28,71.1,79,17.7%,36,65.4%,88,2.5,49,6.1%,79,28,56,2.4,50,4.7,51,2.9,31,-0.8,46,0.7,2,,50,46,46,-1.5,54,33.3,16,0.5,11,26,27,-0.56,78,-1.6,7
0,julian-champagnie,56.2%,43,66.3,69,21.2%,48,72.3%,93,2.6,64,7.9%,51,21.4,30,1.6,34,9.1,95,4.2,50,-1,39,2.2,57,0.02,58,54,54,-3.3,66,41.6,73,2.4,75,82,82,-0.81,89,0.5,69
0,kobe-bufkin,42.6%,3,null,0,10.8%,13,45.9%,58,1.6,46,null%,100,,0,,1,,0,,0,-1.7,18,4,96,,50,53,53,2.6,27,40.5,67,1,33,,,-0.39,71,-0.6,29
0,kris-dunn,55%,34,52.2,37,9%,9,36%,38,2.8,66,9.1%,32,34,73,5.2,77,5.8,68,9.1,98,-0.7,50,4.3,97,0.15,69,37,37,,,32,9,1.9,63,52,53,0.93,22,0.9,78
0,kris-murray,48%,9,20.5,10,17.1%,33,48.6%,64,2.9,57,9.9%,22,20.2,24,1,16,0.6,11,3.9,46,-1.3,29,3,83,,50,49,49,-2.2,58,47.5,95,1.5,49,71,71,-0.31,69,0.7,73
0,luke-kornet,72.1%,99,62.7,60,27.4%,67,null%,0,4.1,40,6.7%,72,17.8,14,1.1,18,8.6,94,4.7,59,-0.6,54,1.3,14,-0.88,3,87,87,-9.8,93,35.8,34,5.9,97,78,78,0.36,37,1.1,82
0,marcus-sasser,55.8%,39,72.7,83,11.6%,16,46.2%,59,1.7,40,7.9%,51,39,82,6.7,84,5.1,56,7.4,90,-1,39,2.1,53,,50,44,44,,,33,15,0.7,19,23,24,0.19,43,-0.9,19
0,matt-ryan,66.7%,95,92.1,100,13.5%,22,81.7%,98,2,21,12.4%,7,20.2,24,1.7,37,8.5,93,1.2,10,-0.9,43,1.4,18,-0.26,28,35,35,-1.6,55,39.9,64,0.3,6,57,58,0.13,47,-1.1,14
0,eugene-omoruyi,55%,34,31.2,14,32.5%,79,23.3%,20,2,79,9.1%,32,32.9,71,3.4,63,1.1,16,3.6,41,-0.9,43,4.2,97,0.6,88,19,19,2.9,25,31,7,0.6,15,81,81,3.93,0,0,51
0,maxwell-lewis,26.9%,0,null,0,null%,0,30.8%,30,0.1,42,null%,100,,0,,1,,0,,0,-2.7,2,1.3,14,,50,38,38,16.5,3,50,98,,,73,73,-1.06,93,-0.4,36
0,nick-smith-jr.,50.9%,14,76.5,89,5.5%,4,50.8%,68,1.4,49,9.3%,29,27.9,55,2.8,57,3.8,40,3.6,41,-1.9,13,0.7,2,,50,39,39,,,32.4,12,1,33,23,24,0.22,42,-0.8,22
0,noah-clowney,67%,96,null,0,31.6%,77,26.3%,23,1.6,59,null%,100,,0,,1,,0,,0,-1.8,16,1.7,34,,50,50,50,4.3,19,42,74,1,33,,,-0.3,68,0.5,69
0,olivier-maxence-prosper,46.7%,7,31.8,14,45.9%,95,45.9%,58,1.9,59,3.8%,92,23.4,38,1.3,25,0.8,13,4.7,59,-1.8,16,0.8,3,,50,57,57,4.9,16,46.8,93,1,33,85,85,-0.46,74,-0.8,22
0,onuralp-bitim,55.3%,36,52.2,37,7%,5,52.6%,71,2.2,50,7.6%,57,19.7,22,1.1,18,1.6,20,2.7,27,-1.7,18,1.3,14,,50,48,48,22.4,1,19.7,1,1,33,,,-0.13,59,-0.6,29
0,orlando-robinson,58.7%,63,59.4,53,35.8%,85,20.9%,19,2.8,91,12.2%,9,25.4,46,3.2,61,7.3,84,5.4,67,-1.6,21,2,48,0.24,75,90,90,-8.5,88,49.2,97,2.5,76,12,13,1.75,8,0.8,75
0,gradey-dick,54.7%,31,72.2,82,9.8%,11,56.8%,77,2,49,7.7%,55,23.5,39,1.9,41,6,72,3.3,36,-1.4,26,1.7,34,,50,41,41,3.8,21,39.7,62,0.1,3,45,46,-0.03,55,-1,16
0,haywood-highsmith,55.5%,37,54.3,42,12.5%,19,60.4%,81,2.6,77,7.5%,59,17.3,12,0.7,12,5.4,61,3.3,36,-1.7,18,3,83,-0.06,41,25,25,-6.8,84,34.2,21,2.4,75,96,96,0.49,34,1,80
0,isaiah-livers,46%,5,36.1,16,15.5%,28,66.4%,89,2.1,40,9.1%,32,17.6,14,0.5,10,0.4,9,3,32,-2,10,2.5,70,-0.09,39,19,19,-1.5,54,36.5,40,0.9,28,45,46,0.48,34,-0.3,39
0,jaime-jaquez-jr.,57.1%,49,49.2,30,24.8%,61,28.1%,26,4.1,54,9.2%,30,28.3,57,3.1,60,4.5,49,4.2,50,-1,39,2.4,65,,50,45,45,0.9,38,31.3,8,0.7,19,89,89,-0.02,55,-0.2,43
0,jalen-hood-schifino,31.6%,0,55,44,44.4%,94,33.3%,36,0.6,45,null%,100,,0,,1,,0,,0,-2.8,1,0.7,2,,50,44,44,,,40.5,67,1.6,53,47,48,1.48,10,-0.8,22
0,jalen-pickett,53.5%,25,55,44,13.3%,21,73.3%,95,0.5,41,null%,100,,0,,1,,0,,0,-1.8,16,2,48,,50,42,42,14.6,4,35.7,33,,,59,60,0.85,24,-0.7,25
0,jalen-wilson,53.8%,26,62.8,61,24.8%,61,42.2%,50,2.6,59,5.9%,81,22.2,34,1.6,34,6.4,78,5,63,-1.4,26,1.2,10,,50,46,46,3,24,22.7,1,0.2,4,62,63,0.07,50,-0.7,25
0,jarace-walker,50%,13,64.3,64,9.6%,10,52.1%,69,1.9,55,8.2%,46,28.1,56,2.9,58,8.3,91,5.4,67,-1.5,24,2.8,80,,50,55,55,2,29,51.1,99,3,82,67,67,0.57,31,0.5,69
0,jericho-sims,74.4%,100,null,0,39.2%,90,null%,0,3.4,47,14.7%,2,9.5,6,0.2,8,5,54,4,47,-1.9,13,1.3,14,-0.25,29,83,83,-8.8,90,45.6,90,3,82,3,5,-0.19,63,0.6,70
0,jock-landale,51.8%,16,38.5,17,30.6%,74,23.1%,20,2.6,96,7.7%,55,22.1,33,1.4,28,4.1,43,5.2,64,-0.9,43,1.8,40,-0.03,44,63,63,-11.1,95,46,91,3.7,87,9,10,1.11,17,0.7,73
0,julian-phillips,52.1%,18,43.1,22,24.7%,60,49.4%,66,0.9,53,8.8%,36,17,12,0.5,10,0.9,14,1.9,15,-2.4,4,2.3,61,,50,40,40,1.9,30,38,49,2.2,71,52,53,1.64,9,0.1,55
0,keyontae-johnson,34.4%,1,null,0,null%,0,18.8%,17,1.1,58,null%,100,,0,,1,,0,,0,-2.7,2,0.5,0,,50,42,42,23.8,1,29.4,3,,,55,56,-0.09,58,-0.7,25
0,keyonte-george,54.8%,31,66.1,69,28%,68,54.1%,73,2.8,40,9.9%,22,41.2,85,7,87,3.9,40,6.6,82,-0.2,67,1.1,7,,50,44,44,,,32.8,15,0.4,8,35,36,-1.18,95,-1.6,7
0,saben-lee,47.7%,8,41.9,21,73.6%,100,30.2%,29,1.5,29,6.1%,79,35.9,77,3.2,61,0.8,13,7.4,90,-1.4,26,3,83,0.03,59,54,54,,,41.3,71,1.5,49,22,23,-0.19,63,0.8,75
0,sasha-vezenkov,57.4%,53,63.7,63,7.9%,7,60.6%,81,2.5,59,5.4%,86,22.4,35,1.2,21,5.1,56,1.6,12,-0.7,50,2.5,70,,50,52,52,-7.9,87,43.7,82,1.4,45,71,71,0.05,51,-0.5,32
0,scoot-henderson,47.7%,8,47.5,27,28.3%,69,33%,35,3,51,12.4%,7,44.3,89,6.8,85,0.2,8,5.3,65,-1.4,26,2.1,53,,50,42,42,,,38.4,53,0.8,24,59,60,1.31,12,-1.4,10
0,terquavion-smith,55.7%,38,55,44,7.5%,6,77.5%,97,0.2,40,null%,100,,0,,1,,0,,0,-0.8,46,3.1,86,,50,38,38,18.8,2,40.7,68,,,90,90,-0.73,83,-1,16
0,toumani-camara,53.4%,24,43.2,22,23.7%,57,39.3%,44,4.9,60,13%,6,18.5,16,0.9,14,1.2,17,1.8,14,-1.6,21,3,83,,50,52,52,0.1,41,39.7,62,1.7,55,97,97,0.84,24,0.9,78
0,simone-fontecchio,60%,71,74.5,86,12%,17,60.9%,82,3.7,75,8.5%,41,23.6,40,2.1,45,7.3,84,3.1,33,-0.5,57,1.6,28,-0.04,43,15,15,-0.1,43,39.2,59,1.2,38,35,36,-0.41,72,-0.6,29
0,taylor-hendricks,53.9%,27,51,34,12.1%,17,58.2%,79,4.5,58,10.1%,19,17.9,15,0.6,11,1.8,22,0.7,8,-1.5,24,1.8,40,,50,58,58,-3.4,67,46.4,92,3.3,85,97,97,0.7,28,0.2,59
0,trayce-jackson-davis,70.9%,98,27.7,12,41.5%,92,null%,0,4.4,64,8.7%,38,25.2,45,2.1,45,3.3,35,3.7,43,0,71,1.4,18,,50,58,58,-10.1,93,53,100,6,97,13,14,1.33,12,0.1,55
0,vasilije-micic,53.4%,24,43.6,23,20.9%,46,40.7%,47,1.3,42,10.6%,16,39.6,82,6,82,1.3,18,8.1,94,-0.8,46,2.2,57,,50,39,39,,,33.8,19,0.6,15,50,51,-0.77,86,-0.9,19
0,victor-wembanyama,56.5%,45,53.4,40,30.2%,73,31.7%,32,10.4,59,12.4%,7,45.3,90,7.2,88,4.4,47,3.8,45,1,85,3.6,94,,50,62,62,-10,93,49.8,98,9.9,100,21,22,-0.09,58,2.6,98
0,kenneth-lofton-jr.,41.3%,3,55,44,34.9%,83,27.9%,25,1.1,50,null%,100,,0,,1,,0,,0,-2.3,5,2.7,77,-0.04,43,34,34,-17.3,99,38,49,2.6,77,10,12,2.18,5,0.1,55
